patient_id,B cells naive,B cells memory,Plasma cells,T cells CD8,T cells CD4 naive,T cells CD4 memory resting,T cells CD4 memory activated,T cells follicular helper,T cells regulatory (Tregs),T cells gamma delta,NK cells resting,NK cells activated,Monocytes,Macrophages M0,Macrophages M1,Macrophages M2,Dendritic cells resting,Dendritic cells activated,Mast cells resting,Mast cells activated,Eosinophils,Neutrophils
tcga-05-4249,0.0,0.03216210401668849,0.017142386687310763,0.0,0.0,0.03960694340476685,0.0,0.09169299508238278,0.0,0.0,0.0,0.028738616741549202,0.11771945899454174,0.08916911726781458,0.07566539757769415,0.28979854443708225,0.103313425782825,0.04366235657165127,0.03356326196148326,0.0,0.03776539147420981,0.0
tcga-05-4250,0.0,0.0,0.0,0.05737373996694447,0.021773648285193858,0.0166308504365817,0.015679764410086377,0.025469223294891475,0.06582899492988271,0.0,0.0,0.0,0.062150562163472235,0.142903908042137,0.0,0.05493924478237067,0.20990122442111198,0.16730352480644872,0.14920106325757665,0.010844251203301906,0.0,0.0
tcga-05-4382,0.0,0.0,0.0,0.0,0.0,0.0,0.0,0.02756786483112926,0.09156063039581001,0.0,0.0,0.05690341859242232,0.08170649963565416,0.10484235251871112,0.0541889145067838,0.10903520055993772,0.19380121419570281,0.10984327485913825,0.11474328102460725,0.0,0.05580734888010333,0.0
tcga-05-4384,0.0,0.0,0.0,0.06413965617099916,0.0,0.0,0.0,0.0,0.03292276407263813,0.0,0.0,0.08122085064537773,0.016538104137110043,0.07864120851391411,0.08011588406411041,0.19060994571735942,0.2063618746880526,0.02981341026378308,0.18702616213345327,0.010932529726314177,0.021677609866887847,0.0
tcga-05-4389,0.0,0.0,0.0,0.08297997166768119,0.0,0.029474368505752507,0.09612102073207304,0.021718924461207875,0.0,0.0,0.0,0.012386199199589365,0.07459846942811826,0.07486338624209879,0.08687857832482455,0.040452019690077445,0.21193489474388832,0.12378066494559994,0.0799136824294503,0.0648978196296384,0.0,0.0
tcga-05-4390,0.0,0.0,0.004935559754390491,0.018972828845340305,0.0,0.0,0.08353140845486869,0.0,0.04902068685808843,0.0,0.0,0.18289742296556857,0.07964363095488476,0.1604429739991416,0.03145557192655286,0.1499261637192626,0.14753883462840228,0.018103556092803366,0.06701282889067837,0.006518532910017665,0.0,0.0
tcga-05-4396,0.0,0.11415580794215653,0.0,0.0,0.033872254674958344,0.06399045510616029,0.0,0.05422526089927897,0.0,0.0,0.021410171221140695,0.11331683607475743,0.07305427068009569,0.03385363542413438,0.05535420227992944,0.16767531275340275,0.010987425013799056,0.14464217716683472,0.09194998477845756,0.021512205984894152,0.0,0.0
tcga-05-4397,0.0,0.0,0.0,0.0,0.0,0.002560540703070365,0.09620109914877704,0.09829475291676476,0.0,0.0,0.0,0.12000323435536489,0.0,0.18873884102553593,0.06469054480359854,0.1033485832327808,0.0498646220490687,0.13603676410200874,0.09606005499639034,0.01174811777123863,0.0,0.032452844895401275
tcga-05-4398,0.0,0.0,0.0,0.028999356765932655,0.0,0.0,0.07254466087261725,0.04912598560682855,0.015659297152612068,0.0,0.0,0.11113191619822023,0.058254180425956585,0.13689374904130006,0.047471590598733196,0.16981167020228508,0.047902498003165796,0.0822459741885806,0.0848904976174824,0.0,0.09506862332628556,0.0
tcga-05-4402,0.0,0.0,0.0,0.017481872619818793,0.0,0.04051264823820675,0.0,0.05952349087311954,0.022727864395739154,0.0,0.0,0.05612243076144876,0.11564759524558224,0.07938822428587225,0.04827086218192281,0.21235868615930192,0.08283485208415982,0.06879565484938585,0.15464495273460563,0.0,0.041690865570836386,0.0
tcga-05-4403,0.0,0.0,0.0,0.047294678494343025,0.0,0.0,0.0,0.0,0.03860756702657208,0.0,0.0,0.07308066328659811,0.104874025595407,0.1435218063195041,0.04079975234567184,0.13504936376552085,0.07389887712434466,0.15721563115139417,0.13963029746959724,0.004021845332520919,0.042005492088526095,0.0
tcga-05-4405,0.0,0.0,0.033545156699457825,0.0,0.0,0.0,0.0,0.062417310973797685,0.11572410444219194,0.0,0.008762286071317139,0.06879252175771924,0.05859760039758452,0.10008468859139966,0.10289934222810804,0.20391028201242023,0.06442371678361636,0.11309960480291954,0.04921099319790794,0.0,0.018532392041559768,0.0
tcga-05-4415,0.0,0.0,0.0,0.1433718883739294,0.0,0.031203464116799643,0.06909788367726773,0.03500061449448661,0.0,0.0,0.03980405944952284,0.0,0.0,0.14361212545754826,0.0,0.10945313155353736,0.11819003146024516,0.12903213204100192,0.1015147726453676,0.06590110341735331,0.013818793312940265,0.0
tcga-05-4417,0.007269395240238907,0.0,0.0,0.08258657066283819,0.013548859376652175,0.006324971215054412,0.07102335425079942,0.003759666727946798,0.0,0.0,0.0,0.08065556530388482,0.09921362010454439,0.026752855354119594,0.12383983213251874,0.1658410575294376,0.1275272478315894,0.05053045803043721,0.09162849597912003,0.0,0.049498050260818355,0.0
tcga-05-4418,0.0,0.0,0.0,0.0034115437185390824,0.050605149531684,0.0018090352240964288,0.05231250641234897,0.06294436567926821,0.09374523308892437,0.0,0.0,0.04343233473362984,0.003350734063802491,0.17190045821758954,0.0,0.09699552514331283,0.12706932079545757,0.09743548702526318,0.14366803210230275,0.0,0.05132027426378073,0.0
tcga-05-4420,0.0,0.0,0.009770085355053228,0.0,0.0,0.026326751318489543,0.008561162297717941,0.04333845814361529,0.0037129318325826227,0.0,0.0,0.18275969606767867,0.06931926040170683,0.20225039754732121,0.03209718208958202,0.216246349183898,0.0,0.09759648085416898,0.10802124490818575,0.0,0.0,0.0
tcga-05-4422,0.0,0.04279553882641716,0.0,0.0,0.018754239523099406,0.06431441079392256,0.07600216020063176,0.07830458670434015,0.0,0.0,0.0,0.10216759681871879,0.024084796990390466,0.0,0.12894607637905336,0.16512981512388394,0.20152939858595134,0.08735537429546049,0.0005008548410047836,0.0,0.010115150917125885,0.0
tcga-05-4424,0.0,0.0,0.0,0.0,0.0,0.0,0.0,0.12697339331324273,0.0034062387055307742,0.0,0.0,0.0,0.06682125126661638,0.052898206460703256,0.13207590963170762,0.21902037126435203,0.17622769515412884,0.13579385160338395,0.06787757287270765,0.018905509727626713,0.0,0.0
tcga-05-4425,0.0,0.042202485703292866,0.0,0.003161400884496774,0.0,0.0,0.01985370532698321,0.10387726882014446,0.07536221510789361,0.0,0.0,0.013448820431494604,0.02822721128416016,0.14015055596625356,0.03817232241848435,0.11904217283523733,0.19100666636222802,0.007031346028390429,0.1295012804256339,0.0,0.08896254840530674,0.0
tcga-05-4426,0.0,0.0,0.0,0.038653697168948085,0.009440504473793503,0.0186383624185766,0.0,0.0,0.0100236584017079,0.0,0.0,0.06871710736836593,0.10837426038861254,0.1281498240343607,0.017686123432292616,0.21653752489458838,0.1222271331179414,0.09163467560361155,0.056350297088151584,0.03927911100083847,0.07428772060821076,0.0
tcga-05-4427,0.0,0.00703652429460433,0.0,0.007852348098570815,0.031448005833285025,0.0,0.0747229494065425,0.0,0.0,0.0,0.0,0.06975699030429242,0.10450038292267338,0.041487968480177155,0.10914233184976627,0.17643335164041923,0.18876814175729884,0.04184097962474646,0.12798960304936727,0.01902042273825629,0.0,0.0
tcga-05-4430,0.0,0.0,0.0,0.010736859878554767,0.0,0.0019710559980315543,0.0,0.05208733638652684,0.01589514572973359,0.0,0.0,0.11107081963804775,0.0441645654987656,0.03194298151222285,0.12182983212025371,0.14431228333037993,0.13312594128444374,0.14271270179547135,0.14007187144570443,0.0,0.050078605381863955,0.0
tcga-05-4432,0.0,0.0,0.0,0.05500693499174878,0.0,0.0,0.015882540902522224,0.02161411868106687,0.0,0.0,0.0,0.06315900667769012,0.10836331520777802,0.030978381777522972,0.16762651579366378,0.14119670022530462,0.15128623478516962,0.11664622512401245,0.08254087496174842,0.04569915087177213,0.0,0.0
tcga-05-4433,0.0,0.016521934217910275,0.0,0.010159302746866232,0.035959994677320764,0.0,0.0,0.024891175442694643,0.07181855490934877,0.0,0.0,0.07238682957211841,0.15975809725684767,0.0867334111504321,0.15254764323740444,0.10584576372391241,0.12164888973394031,0.009476263219750826,0.11340021091430029,0.015860028293141513,0.0029919009040113445,0.0
tcga-05-4434,0.0,0.0,0.0,0.05491141163443961,0.0,0.0,0.05085412180591409,0.0,0.07523875220816023,0.0,0.021640674903794822,0.022970290812833163,0.07605348158609301,0.09726623969753755,0.08378169361500351,0.19883088186345566,0.11722694549553991,0.10386130172193776,0.0973642046552907,0.0,0.0,0.0
tcga-05-5420,0.01455424171456544,0.0,0.0,0.08701331458151636,0.0,0.0,0.07069834004281315,0.0,0.11404849846105179,0.0,0.04872769983389325,0.04368575619840096,0.09414165408946824,0.062471747464743974,0.04729740655578956,0.0660465071566118,0.08620566287137173,0.09716028091248784,0.1431050037057008,0.015395734787983761,0.009448151623601339,0.0
tcga-05-5423,0.033610590480404066,0.0,0.0,0.0691362126329713,0.0,0.08437825809350478,0.018381536168980583,0.0,0.047969114000568726,0.0,0.0,0.0,0.17619927208443073,0.04835885506558287,0.10435682051544519,0.16186825312054437,0.06674648503443181,0.031195770021883968,0.15572508948386812,0.0,0.0020737432973834437,0.0
tcga-05-5425,0.013417624316901845,0.0,0.0,0.027175326160949597,0.0,0.0,0.07090399616952646,0.0,0.004493664167748183,0.0,0.04310071403551525,0.08450947138546529,0.041420859968005375,0.08464629965752403,0.16984274551553316,0.05033348405009815,0.1419307030333456,0.11022654683410536,0.1169931464498074,0.0,0.041005418255474164,0.0
tcga-05-5429,0.0,0.028826885167772247,0.0,0.02695285018020422,0.04506759735146137,0.07727582518438432,0.0,0.0,0.007280368418973772,0.0,0.0,0.10648295421472403,0.07114416403829192,0.13582891571834774,0.008293482785096614,0.15655228753687983,0.004747459376379949,0.20419086982309595,0.12735634020438805,0.0,0.0,0.0
tcga-05-5715,0.0,0.0,0.0,0.05633685356678596,0.00865361466322196,0.0,0.0,0.0,0.11796634508967671,0.0,3.296752655966859e-05,0.0036403563475599543,0.07281456075982047,0.2700113918711045,0.020795801919803937,0.20757275927406282,0.02292604076882715,0.08249118109451918,0.09262273077294939,0.020018971277371428,0.024116425067737014,0.0
tcga-35-3615,0.032923377064192606,0.0,0.0,0.046878972169676306,0.04484709287503445,0.0,0.0,0.12356671933087197,0.07661040010441486,0.0,0.016592049067294907,0.0,0.08534373708860844,0.07849964236120817,0.0912487256583387,0.10557776223815508,0.09748142518133232,0.03745737948143478,0.1629727173794374,0.0,0.0,0.0
tcga-35-4122,0.0,0.0,0.0,0.08539140628055043,0.0,0.0,0.07482059273586313,0.002926199217627572,0.08229143810775214,0.0,0.0,0.08307232023400767,0.0560902451200176,0.17427228649427587,0.0,0.05296457387469499,0.13486283826736084,0.09664637087191554,0.14697422879672895,0.0,0.00968749999920528,0.0
tcga-35-4123,0.0,0.0,0.0,0.08855174157736204,0.0,0.0,0.15902003049911256,0.0,0.0,0.0,0.0,0.14492839164219012,0.0423772370124694,0.11255113109667846,0.05052441473298089,0.019560078388963606,0.1903986260946701,0.0942589770975076,0.0978293718580652,0.0,0.0,0.0
tcga-35-5375,0.0,0.023604228988369513,0.0,0.044906127729299854,0.0,0.0,0.08963628936449648,0.08714017406259267,0.07694385800922685,0.0,0.07465395773346056,0.022534341555708392,0.09466172593995313,0.018827891473425243,0.03675513595563662,0.02192394642758581,0.14506363802918143,0.12232973752875609,0.14101894720230737,0.0,0.0,0.0
tcga-38-4625,0.028862486877787592,0.0,0.0,0.07838766550578516,0.0,0.0,0.013223635096258976,0.0,0.062436835289489435,0.0,0.0,0.0,0.1047356837455897,0.12033875064816685,0.11579662948109153,0.02149740328770777,0.10523681968397702,0.11499547522134995,0.08983102410725986,0.08139928828977001,0.0,0.06325830276576613
tcga-38-4626,0.030917451441007153,0.0,0.0,0.05474790938239928,0.0,0.0,0.049434021852498754,0.0,0.08535685269658978,0.0,0.0,0.0,0.1100918321009025,0.13046825450159075,0.09854111293311253,0.026626700900814856,0.1025421149953552,0.08099844116355674,0.10935555051749968,0.08710573911658803,0.0,0.033814018398084796
tcga-38-4627,0.044915208640788906,0.0,0.0,0.10200493701132238,0.017902966534774876,0.0,0.03213988436157654,0.0,0.09698021152607508,0.0,0.0,0.0,0.1263452981741012,0.12009894400878737,0.08034809553733971,0.04171874074416338,0.09690001533086365,0.09239922824341236,0.08644632883479295,0.06180014105200155,0.0,0.0
tcga-38-4628,0.0,0.0,0.054462641740572915,0.04475300338087005,0.0,0.0,0.07125854559891122,0.0,0.0,0.0,0.0,0.0,0.08137716592731735,0.1029675600849475,0.14360462538564844,0.12977003675186524,0.061605721283403816,0.12392631562336481,0.1575926935233629,0.0,0.026904304805958467,0.0017773858937773195
tcga-38-4629,0.0,0.0,0.0,0.0791786125498421,0.0,0.0,0.12123456792605367,0.0,0.08871296726435429,0.0,0.04430879978638802,0.0,0.04972296886871323,0.131394794597362,0.09384419005816759,0.011744845147301732,0.1129258723705788,0.04693294370756653,0.16748939466761617,0.026934353149246193,0.025575689906809716,0.0
tcga-38-4630,0.006488766613012053,0.0,0.0,0.14977090253419106,0.0,0.0,0.06656639191604578,0.12129030581838648,0.0,0.0,0.0,0.08962208609268824,0.008146954336279336,0.15900022276645964,0.07232708147441659,0.1489670268074181,0.0,0.039203340909827036,0.13861692073127566,0.0,0.0,0.0
tcga-38-4631,0.0,0.0,0.0,0.0,0.0,0.06013614220409944,0.05409607115888963,0.0,0.0,0.0,0.0,0.1298724386794799,0.05053034457590792,0.15826339151133667,0.08828387309633763,0.033700582456194804,0.17814834633819535,0.08845707785017748,0.13527304366910795,0.02323868846027322,0.0,0.0
tcga-38-4632,0.04845844717619095,0.0,0.0,0.0995948024190845,0.0,0.0,0.0,0.0,0.1208476946833798,0.0,0.0,0.0,0.13998969832885946,0.12587038297208875,0.028792624676010112,0.048369420273683114,0.06204964128512877,0.10272339608436529,0.05779234263904748,0.10154326005332524,0.0,0.0639682894088365
tcga-38-6178,0.0,0.0,0.0,0.017947624935208135,0.0,0.050961190860258215,0.0,0.07329125615243381,0.0,0.0,0.0,0.10445753818422625,0.09058607417266383,0.052699921151217716,0.0,0.22525790733859122,0.12054785034141752,0.1100293154395214,0.11064277358939487,0.006434567586048184,0.037143980249018854,0.0
tcga-38-7271,0.07347302202289076,0.07734597245861695,0.0,0.0,0.11155532455900508,0.009381452091291445,0.07971517372374234,0.01645481880963728,0.026666392201700775,0.0,0.017658591757724888,0.006019793045823203,0.049453987993579286,0.0,0.15452353855478804,0.0922467752741604,0.07200530452358549,0.09402488260809,0.043088047063097906,0.0,0.07638692331226618,0.0
tcga-38-a44f,0.0008538411928569972,0.0,0.0,0.0,0.014852051175733533,0.10699389608181435,0.03184481059805414,0.0,0.0,0.0,0.0,0.07665167793474892,0.17114803591376423,0.024004754715056673,0.05072897667358875,0.14765543439208922,0.07602597217639244,0.11812283834220992,0.11594710257414766,0.0,0.06517060822954308,0.0
tcga-44-2655,0.02593311889801252,0.0,0.0,0.019596372710458117,0.08702563779353374,0.010410091227024913,0.0,0.0,0.01012861848386108,0.0,0.05217350554070428,0.0,0.15176962583641854,0.18864336021498274,0.08522746028329478,0.12700669190929434,0.06981602541382025,0.0014355465591807143,0.170833945129414,0.0,0.0,0.0
tcga-44-2656,0.019433236154129008,0.0,0.0,0.023838520019091,0.0,0.001319891744873599,0.029861293281531892,0.02219280965011675,0.10513955611839132,0.0,0.11697476647564313,0.0,0.07228817890529186,0.03777459194966724,0.09212222517773767,0.12961033542447487,0.1503784426794888,0.03989659460801313,0.10347627284988127,0.0,0.04737068328583135,0.008322601675837121
tcga-44-2657,0.08622388625991813,0.014686694414061915,0.0,0.04573588538043629,0.07568311036415301,0.03316957133149706,0.06194750256653926,0.0,0.03792863478056281,0.0,0.0,0.0,0.016284374662982725,0.05315191183810875,0.13331447293977053,0.14188745714863524,0.08542005685869478,0.05723944271663684,0.09132458644043734,0.0,0.041149814121089534,0.0248525981764758
tcga-44-2659,0.015058698587315393,0.0,0.0,0.0,0.045535672141002737,0.05443201946949476,0.019184880117239303,0.10133428206639077,0.012301442133509864,0.0,0.0,0.07110327725991727,0.02504640000342967,0.04840008963162074,0.05473947026591182,0.22351176779836457,0.12071222240817868,0.07739492287030258,0.11426740842788251,0.0,0.016977446819439235,0.0
tcga-44-2661,0.020379658868871504,0.0,0.0,0.0032466911278879766,0.0,0.019645731492901806,0.025867538798313418,0.0,0.05861854759686292,0.0,0.0,0.0,0.06907332358936574,0.11556240120300845,0.1547873263113573,0.10622318215365022,0.1697824978997165,0.0,0.19634989595396324,0.0,0.06046320500410092,0.0
tcga-44-2662,0.05363238985422026,0.0,0.0,0.0,0.0,0.0,0.05063558093987453,0.028352271530394536,0.003408718675443083,0.0,0.0,0.0,0.13863195375170537,0.20696542268978713,0.07301637202815657,0.027810334825443053,0.1948788688159258,0.04289757942522362,0.1348505822057037,0.0372003129926955,0.0077196122654268114,0.0
tcga-44-2665,0.001161605250775002,0.0,0.0,0.01887420039221634,0.045985526495739545,0.0,0.07323198494358699,0.0,0.05312631649556186,0.0,0.0,0.0,0.13827744191992525,0.08915630921590832,0.13088000594633797,0.0416462433338408,0.20517985967045982,0.08014133473295743,0.08265150223050662,0.03968766937218387,0.0,0.0
tcga-44-2666,0.0,0.05566758498822501,0.0,0.0,0.0,0.029661957315645266,0.039924062173551496,0.03740272967354988,0.0,0.0,0.0,0.0591178423467242,0.006174708315443402,0.1047766321028399,0.09515805340904278,0.17992496802062677,0.08161448039914347,0.10992500379781742,0.13089278059429874,0.023531066545787908,0.046228130317303745,0.0
tcga-44-2668,0.017531120688963318,0.0,0.0,0.05992460502275297,0.0,0.0,0.04197755575338431,0.0,0.10150536568138174,0.0,0.0,0.030777587811648584,0.1523522240101126,0.15873204697077775,0.047830186917534365,0.022020370516807917,0.10744496077353856,0.053229453341117325,0.10718497554016226,0.07174458833841005,0.0,0.027744958633408458
tcga-44-3396,0.09733412093760296,0.0,0.0,0.07366102184452662,0.02084438640957379,0.049661374353912775,0.0,0.0,0.02270340124820353,0.0,0.0,0.0,0.17683748464856783,0.10090818466245485,0.09566650271377997,0.12735362342838724,0.019437195639323092,0.0217542852210698,0.14707675360032052,0.0,0.0,0.046761665292277016
tcga-44-3398,0.10169202209146117,0.0,0.0,0.027401755481751774,0.0892028064777551,0.0,0.07407272673857895,0.0,0.05063164040464627,0.0,0.07242089966180511,0.0,0.16973962769656512,0.055131935438602016,0.1107274038864888,0.06063961699963819,0.049109246279499495,0.06567226294109024,0.07355805590211782,0.0,0.0,0.0
tcga-44-3918,0.0,0.0,0.0,0.09661085279846639,0.0,0.0,0.14862225449672628,0.0,0.04086943679836787,0.0,0.0,0.0,0.003841348674212372,0.0033808263216548724,0.22718723725835985,0.07301401745321152,0.10262142122681128,0.07966475686112406,0.12039066139838007,0.03349360782236273,0.0,0.07030357889032274
tcga-44-3919,0.059207122211637014,0.0,0.0,0.010046005903070624,0.0,0.0,0.01163544646986082,0.05627533404299585,0.0129161794377641,0.0,0.0,0.08531047477898657,0.09414578699504933,0.0,0.1516360562396716,0.14849839505517476,0.08827292739292938,0.09236593527556751,0.14535925252679152,0.0,0.044331083670501044,0.0
tcga-44-4112,0.0,0.0,0.0,0.016086620559881616,0.060214130875768566,0.023588028454656094,0.04916489953374619,0.0,0.08685907815763022,0.0,0.0,0.0,0.06116064775290285,0.152551398994487,0.021531472410746457,0.15158536920939814,0.11123618569246319,0.0761610736655543,0.18986109469276538,0.0,0.0,0.0
tcga-44-5643,0.0,0.0,0.0,0.11011262996763722,0.03883247891870743,0.03227753345377435,0.16789332994791126,0.08575904071488834,0.0,0.0,0.07453940005702246,0.02478057415792028,0.028331451117272477,0.04964730675557412,0.024218887450306082,0.1688437007930637,0.13906132803624097,0.0,0.055702338629681325,0.0,0.0,0.0
tcga-44-5644,0.0,0.0,0.0,0.0,0.004787338880532201,0.07421899443125843,0.06121991931253198,0.017022000335520746,0.0,0.0,0.0,0.04744796199690358,0.15532051339656858,0.0,0.15703870648939194,0.19597413038345102,0.18666482768183043,0.0,0.09682305566231598,0.0034825514296951184,0.0,0.0
tcga-44-5645,0.045909584008697456,0.0,0.0,0.07732728345261015,0.05213405591402265,0.0,0.0,0.0,0.054522096839007446,0.0,0.06369768291043144,0.0,0.18578821373260465,0.14206843297992083,0.04905044186663646,0.10921126186770691,0.04194794195962176,0.02093859643448532,0.15740440803425493,0.0,0.0,0.0
tcga-44-6144,0.018505325332059744,0.0,0.0,0.049017326064347465,0.020596277082546334,0.0,0.0708181966588782,0.0,0.049322004872423164,0.0,0.0,0.0,0.0886430368501153,0.17886808681089053,0.09328737433493238,0.05978230723790028,0.0836493005681235,0.14755914319472213,0.12495545865761888,0.014996162335442086,0.0,0.0
tcga-44-6145,0.0,0.0,0.0,0.07916581184482469,0.005703412255099029,0.04868096047453764,0.0,0.0,0.10746748052417425,0.0,0.0,0.0,0.12870217428728672,0.10718612996213978,0.06556142982414427,0.035233333827267,0.1631505660984362,0.0033489025736367904,0.16778886692340478,0.035148471479418235,0.052862459925630614,0.0
tcga-44-6146,0.07664313653563838,0.0,0.0,0.0,0.0,0.09803663930663557,0.014848283623541072,0.0,0.0,0.0,0.05642973270896328,0.00974903571861301,0.27855855260570334,0.0426284843938234,0.0812803754728483,0.1266608107878575,0.12519242274451936,0.0,0.08454530886106129,0.00542721724079547,0.0,0.0
tcga-44-6147,0.0,0.0,0.0,0.0,0.0,0.0,0.14372502537574927,0.03750699588261332,0.025659700800178452,0.0,0.01007196305082468,0.035526391177873526,0.1738279154535197,0.1324422876272849,0.012113902731430249,0.08437179638680842,0.03980772181167397,0.13052833808625405,0.047230498971208824,0.08236496945740762,0.0,0.04482249318717302
tcga-44-6148,0.06714030856377426,0.0,0.0,0.024550807585856475,0.04479102776984811,0.0006688954681097554,0.0,0.0,0.06333714804780385,0.0,0.04906057413541418,0.0,0.19596455327294163,0.06199632505056523,0.06838631297839506,0.22270318500783468,0.0833737778103128,0.0,0.11802708430914395,0.0,0.0,0.0
tcga-44-6774,0.0,0.0,0.0,0.02930085451082432,0.0,0.0,0.01540727948627397,0.030441615658640103,0.028159843567106026,0.0,0.002823562620490553,0.047699600272420546,0.0680183468894532,0.13775807902137943,0.058396720912087724,0.24076298119049877,0.07158078416327109,0.08326763195368966,0.1863826997538646,0.0,0.0,0.0
tcga-44-6775,0.0,0.0,0.0,0.0,0.0,0.0,0.07567096256719327,0.014933808166852398,0.041561260589242394,0.0,0.009435171565418498,0.02027666709687463,0.09022002739587716,0.06744987620473358,0.1380878197857297,0.06545055253027955,0.18380502327486356,0.10636898868525121,0.13235545200354443,0.0541196899980799,0.0,0.0002647001360596978
tcga-44-6776,0.15287675121194008,0.0,0.0,0.0,0.06811036856707109,0.0,0.0028333401802901575,0.0,0.11369691444675892,0.0,0.0,0.0,0.11307439497513214,0.04070549839204109,0.10217182490589101,0.06146809443246258,0.1292718097133961,0.04662310979361411,0.020843823552294492,0.13985737483723845,0.0,0.008466694991869788
tcga-44-6777,0.03846950815479738,0.0,0.0,0.04516453525393065,0.02796587221799048,0.07265162621173443,0.0,0.0,0.04057910747961433,0.0,0.07813810258043666,0.0,0.18184588686252318,0.0645581730493809,0.08377376464796339,0.11261480509557549,0.03345077796216193,0.051995276113743716,0.16879256437014745,0.0,0.0,0.0
tcga-44-6778,0.09330915194314636,0.0,0.0,0.0,0.0,0.0,0.03215034236023989,0.06962193429213157,0.0649371009617746,0.0,0.017871497704932477,0.0,0.1660656074459069,0.18629658331616317,0.08721969506394174,0.030213558947713545,0.08545374256310909,0.08220431518112524,0.010414963191657968,0.04555064867137731,0.0,0.02869085835678014
tcga-44-6779,0.0003475585102802258,0.008103496475712377,0.0,0.12453730406455185,0.0,0.0,0.04621466155011851,0.0,0.12266875869998442,0.0,0.028842392862691878,0.009753340972615692,0.0,0.16570170317728694,0.02157752658532127,0.06156821041348826,0.14582197287255125,0.1564686649891136,0.1083944088262837,0.0,0.0,0.0
tcga-44-7659,0.0,0.0040868941661007,0.0,0.01380007808101277,0.00956918702565247,0.010759614605231354,0.006350692699592991,0.11356561957946167,0.027350354424119993,0.0,0.0,0.005094450670226616,0.13703672741650008,0.08201071226750556,0.10135379520822324,0.11912925251428215,0.1665185715035742,0.08065961597564467,0.08538371723941975,0.0,0.03733071662345183,0.0
tcga-44-7660,0.0,0.0,0.0,0.025952954117075638,0.02505078525207145,0.0,0.1453638413466104,0.014637763661667642,0.0,0.0,0.0,0.06366744230944878,0.0,0.09770617366111056,0.08677516970929385,0.07952381509722654,0.2610789212808144,0.07181063249324778,0.12843250107143298,0.0,0.0,0.0
tcga-44-7661,0.0,0.0,0.0,0.05310941763501588,0.0,0.0,0.04171002112138839,0.08759597599048403,0.033068258124776644,0.0,0.0,0.057566818060971865,0.007060707347825926,0.14146844944592693,0.006467819735567351,0.13989927531366536,0.23509493821580127,0.04664227205834931,0.10403225356241509,0.0,0.04628379338781196,0.0
tcga-44-7662,0.0,0.0,0.0,0.07983572291397197,0.0,0.0,0.09539405879884458,0.0,0.04171903689222591,0.0,0.0,0.11057481477933592,0.08456813729205515,0.0483281873355331,0.009598937911834174,0.16771104825871982,0.12810782102119556,0.0980408003759411,0.1210231609353321,0.0,0.015098273485010704,0.0
tcga-44-7667,0.0,0.0,0.0,0.028403831812605192,0.0,0.0,0.10706097173345128,0.0,0.06917300455144672,0.0,0.04898752521441072,0.013104518195732714,0.003903394687689995,0.043040670894995255,0.12355851958935705,0.07137009699641914,0.25183033099588537,0.056807431695882094,0.16327141778275162,0.019488285849372882,0.0,0.0
tcga-44-7669,0.0,0.0,0.0,0.0,0.0,0.0,0.023810269680897087,0.08119577599710014,0.06290964342609334,0.0,0.03121064963951066,0.0182351435776799,0.10994111545267699,0.007771300672909653,0.13764260575763407,0.23289487633819836,0.1602401848994955,0.0,0.13414843455780429,0.0,0.0,0.0
tcga-44-7670,0.0,0.0,0.0,0.0,0.0,0.0,0.15909847802261726,0.12180610344707894,0.0,0.0,0.02527845087553907,0.06507789980787934,0.016926109292588837,0.1682641674292444,0.127890012701573,0.04988955952933216,0.06679905020313587,0.06548905455941299,0.12879002322013813,0.004691090911459919,0.0,0.0
tcga-44-7671,0.0,0.0,0.0,0.0,0.0,0.0723934693066768,0.0225476043901845,0.011438290480701385,0.03425661351684109,0.0,0.0,0.06710145230956424,0.0,0.0,0.036635336161578574,0.19743417328102006,0.3345049341923816,0.08472679525316429,0.1389613311078875,0.0,0.0,0.0
tcga-44-7672,0.0,0.0,0.0,0.11451816668921407,0.021116918823233317,0.06384485561194014,0.044184433431661514,0.0,0.0,0.0,0.0,0.05802610156521786,0.08897907726065338,0.0,0.08949923320057514,0.16506298194678287,0.13927272264703608,0.11541702263442548,0.06042236663244826,0.0,0.03965611955681191,0.0
tcga-44-8117,0.0,0.029084726367383344,0.0,0.07471275637305791,0.0,0.0,0.006814666903401949,0.11084293102261787,0.10943973705026588,0.0,0.0,0.04907721741303909,0.056290660654133254,0.04180386236554252,0.0438570183910104,0.22605387053707268,0.06491978259779856,0.03037868387379591,0.1538277752387275,0.0,0.0028963112121530724,0.0
tcga-44-8119,0.0,0.0,0.0,0.0,0.0,0.0010459074669813,0.13771328926065549,0.0,0.07875015417775834,0.0,0.02193488841713781,0.051806844544498784,0.09616917734581586,0.024643128283769116,0.13591827875422202,0.1896302941322468,0.10438056883903164,0.021948170895234643,0.1360592978826482,0.0,0.0,0.0
tcga-44-8120,0.0,0.04246771401481879,0.0,0.011646802574887415,0.016212269360223085,0.010856290005979529,0.0,0.11073279539978377,0.032791578669233684,0.0,0.0,0.06641516309767913,0.02813785320259043,0.060885798794588004,0.049100154790380046,0.2679997475028954,0.06584560677892393,0.07330314117986789,0.1352059676340452,0.0,0.028399116994103704,0.0
tcga-44-a479,0.033282258226950356,0.0,0.0,0.08743568526175298,0.0402376779163459,0.010692165039188569,0.07876551075093607,0.03770557059854356,0.0,0.0,0.0,0.0411764764030776,0.06597020093352689,0.0,0.17066623048109442,0.1580374858454386,0.13144422798373434,0.07397925169993005,0.0609743702155239,0.0,0.009632888643956679,0.0
tcga-44-a47a,0.0,0.0,0.0,0.048909276000210826,0.058864435194934395,0.0076122251425976215,0.06749813058516803,0.04263835573724893,0.0,0.0,0.0,0.03671084378697805,0.07664123933059977,0.09485234256500041,0.0805310400959775,0.20848143390268226,0.160745799546763,0.01814148354475724,0.06129227698196122,0.024325548770284484,0.0,0.012755568814836148
tcga-44-a47b,0.0,0.0,0.0,0.0023374852572016313,0.03900291573976568,0.006262232734296289,0.12954536812571765,0.013590080910050125,0.0,0.0,0.03613735937338346,0.09866247812696764,0.02584393697095554,0.0,0.1504286996663604,0.09673259675040392,0.19131115732102727,0.0442164570166453,0.08224509131504112,0.036323293377821315,0.04736084731436263,0.0
tcga-44-a47g,0.030681206109563527,0.0,0.0,0.03940621024373349,0.0059316750603897895,0.08165578742859589,0.003193717088188939,0.022708163180018146,0.0,0.0,0.0,0.08624907822821941,0.036774896198180765,0.05692133365352016,0.07493308548582293,0.16003564627285358,0.14142320790448915,0.08780832746945244,0.10740736116205021,0.0,0.055073132640349715,0.009797171874571887
tcga-44-a4ss,0.0,0.0,0.0,0.02958885932619901,0.026456892976546444,0.003222359599901375,0.07490109861903267,0.0,0.0,0.0,0.01228783982610281,0.0860516181697321,0.021968190800794707,0.018197989790175475,0.12325476929309057,0.12997026004139497,0.18361055146391111,0.12590336263612822,0.14237796207673822,0.010031966319653791,0.01217627906059853,0.0
tcga-44-a4su,0.0015226607429950979,0.040614234555844064,0.0,0.0,0.03418872241446831,0.09371702406001588,0.00041446741205851097,0.12399208500797612,0.0,0.0,0.0,0.10234711719771428,0.02257296187351626,0.0,0.050784423424043844,0.2815043147576159,0.07527665804247535,0.11743010616634907,0.04094315987253507,0.0,0.014692064472392343,0.0
tcga-49-4486,0.0,0.0,0.0,0.0,0.0,0.0,0.07470258101696822,0.16201723242195862,0.0,0.0,0.0,0.07138264512046866,0.07014618828181905,0.09307890414807703,0.0,0.028628735516245906,0.21030983257053484,0.08986145021082108,0.1998724307131066,0.0,0.0,0.0
tcga-49-4487,0.04279099710488601,0.004355121489550506,0.0,0.0053464055857925736,0.0,0.012537831146807473,0.10976183385874791,0.07571996385220284,0.0,0.0,0.0,0.11675408705072084,0.07612494548742132,0.0,0.11204354734579486,0.033063867137344105,0.16720593187925073,0.1304261769757388,0.098459408764904,0.0,0.01540988232083804,0.0
tcga-49-4488,0.0,0.07475187425589966,0.0,0.1202537016503007,0.0,0.005953919050207969,0.1184404719826865,0.0,0.0,0.0,0.0,0.07771332369480766,0.08350746641612643,0.0,0.1007752741841522,0.12574807313083988,0.09565590660358488,0.11520321228973128,0.08199677674166285,0.0,0.0,0.0
tcga-49-4490,0.09332097999859117,0.0,0.0,0.04459555118972264,0.05857043508415319,0.034138982565414915,0.0,0.00508356528177471,0.01322878564748857,0.0,0.07459123234920412,0.0,0.18605517045897774,0.11096969086392111,0.046256778372931594,0.020068247211909352,0.0715212475559742,0.03923160294010801,0.18291896713502512,0.019448763344803558,0.0,0.0
tcga-49-4494,0.0,0.0,0.0,0.05694361891278159,0.0018081829775408156,0.0,0.0322622058479408,0.012201409458406124,0.0,0.0,0.0,0.1390903618917751,0.08177577911833017,0.06357337793422654,0.04885214027455146,0.07879680221401673,0.14699293900002336,0.15107577637567146,0.09161394121072262,0.09501346478401314,0.0,0.0
tcga-49-4501,0.0,0.07760263462241547,0.0,0.03273498475146579,0.022096806599018266,0.04709252521340756,0.02532194888110361,0.0011048847899550118,0.0,0.0,0.0,0.0819137434425926,0.07267217398357365,0.11013826504212072,0.027949584382204642,0.18074549268883008,0.10145261808057585,0.12403033286908172,0.09514400465365501,0.0,0.0,0.0
tcga-49-4505,0.0,0.0,0.0,0.0,0.042502012720202514,0.08570337018039055,0.06874075270503686,0.0,0.0,0.0,0.0,0.08537566146149238,0.10385995648832391,0.001541195996104247,0.10914419848418627,0.11848668326969852,0.1622831681425617,0.06376210404720055,0.13052495998289454,0.0,0.02807593652190797,0.0
tcga-49-4506,0.0,0.0,0.0,0.0,0.028941194710197748,0.018032880238211476,0.08127624040045518,0.00041559010506198263,0.05988700285032502,0.0,0.0,0.09021065791765312,0.09498635032554822,0.047226478057333515,0.044499387727775654,0.0965587912577179,0.15438307286234135,0.12486998165018377,0.12539528389439228,0.0333170880028028,0.0,0.0
tcga-49-4507,0.0,0.0,0.0,0.024436509144396015,0.0,0.03824003881117611,0.10327406502137239,0.030947040398951513,0.0,0.0,0.0,0.1235537172801907,0.0,0.10509169598040907,0.0,0.08696499510068964,0.22703947385653453,0.1049328951508989,0.02118294436155075,0.033604956252700824,0.08556780946721323,0.015163859173916302
tcga-49-4510,0.0,0.0,0.0,0.0,0.0,0.00260174759251298,0.21121981714594654,0.0,0.0,0.0,0.006855583519165254,0.14117555132906645,0.0860560407515109,0.01020199025732614,0.047437287668863515,0.16149489767889041,0.19125930554036497,0.04154095035077329,0.05223242923844535,0.0,0.04792439892713419,0.0
tcga-49-4512,0.0,0.0,0.0,0.0,0.04158347601728586,0.0,0.026733805229552855,0.0023869740501800667,0.016286402159530762,0.0,0.0,0.0,0.12953333761391655,0.09582427257635802,0.11029245144967999,0.047798965563200596,0.16124150914449575,0.1888429620096811,0.11594056545810628,0.05341729857195739,0.0,0.01011798015605482
tcga-49-4514,0.0,0.0,0.0,0.0,0.0,0.06417693117526971,0.10083671458642264,0.0,0.0,0.0,0.0,0.1487394819531175,0.0,0.06466568849507828,0.09233768021804514,0.14605546534508526,0.0904076428313966,0.19594411866459863,0.06712800875509489,0.0,0.029708267975891364,0.0
tcga-49-6742,0.002248323853016638,0.0,0.0,0.0,0.0,0.0,0.05657658704573187,0.0,0.050785908819597714,0.0,0.0,0.0,0.12459594660515007,0.07170363824591595,0.23414052285748482,0.0441389602537171,0.21649763477110576,0.1352113634144777,0.048589908230397695,0.0,0.015511205903404775,0.0
tcga-49-6743,0.025974424628422536,0.0,0.0,0.0,0.029936551343321627,0.0,0.004090947249253483,0.0,0.054636227552906085,0.0,0.0,0.0,0.20581070325413456,0.07871493036247076,0.07359308969679271,0.05927742904354061,0.16155043316597623,0.11203906729115219,0.19437619641202925,0.0,0.0,0.0
tcga-49-6744,0.058678916431499445,0.0,0.0,0.03855646928186887,0.058922461071144266,0.05312544711037412,0.0,0.0,0.05403275835970836,0.0,0.10536342133576841,0.0,0.09472649462392026,0.12146594899912407,0.015652362089894723,0.13304766551510658,0.06784524836762611,0.0,0.18175763561742092,0.0,0.0,0.016825171196543802
tcga-49-6745,0.0,0.0,0.0,0.0,0.0631663059793485,0.0,0.06074989371573335,0.0,0.028675486021956315,0.0,0.0,0.0,0.1539351697951592,0.039250055861232494,0.12132521119950307,0.060939160918893,0.11579910469889479,0.14571176040730346,0.11403660331473964,0.05380844603020981,0.042602802057026386,0.0
tcga-49-6761,0.0,0.0,0.0,0.05117159332951583,0.025329547250912864,0.0,0.1092339978154516,0.0,0.02678153690096913,0.0,0.0,0.0,0.13592663905987487,0.08000294796149471,0.08317624346456995,0.04663913534978976,0.07457995214946903,0.155850734523189,0.15217761582946557,0.04981797528459468,0.00931208108070305,0.0
tcga-49-aaqv,0.0,0.015309989920976945,0.0,0.0,0.04677005918974696,0.12177302989596202,0.05435521112554473,0.024952614797537815,0.007192449761671785,0.0,0.0,0.07654873344095568,0.016105528295073685,0.017288045200708004,0.10400727783805598,0.2015072794633281,0.13758029766261112,0.028852795258538514,0.08077387223648792,0.0,0.06698281591280074,0.0
tcga-49-aar0,0.0,0.0,0.0,0.021215708219571864,0.09131643452318827,0.06585483300720256,0.026247671714111673,0.012515208963128507,0.0,0.0,0.0,0.07928489944111994,0.07092540692265235,0.03172705903629619,0.09695117876427005,0.16641528123873262,0.19319057936047515,0.031698805183519356,0.1017617794511537,0.0,0.010895154174577683,0.0
tcga-49-aar2,0.0,0.022695635696888938,0.0,0.0,0.0,0.10577767974596936,0.0,0.12048163569443028,0.007981827165914222,0.0,0.0,0.08090444294039606,0.09673847768571672,0.01522438693627675,0.0,0.13708217508588474,0.07085978710681695,0.16412286050549654,0.14052968306171887,0.0,0.037601408374490546,0.0
tcga-49-aar3,0.03514158460692334,0.0,0.0,0.09279699107580366,0.011969834137734718,0.0,0.1138234338713073,0.0019309481204883377,0.021229027289273377,0.0,0.0,0.04825864727244319,0.0,0.08864514817450224,0.038832895719194654,0.14690095022242317,0.14521810172933372,0.09941982772045178,0.11492359178385704,0.0,0.04090901827626339,0.0
tcga-49-aar4,0.0,0.0,0.0,0.019372778685394627,0.020966283930815507,0.1339766280230781,0.08050949785951483,0.08471402685466664,0.001985889052649364,0.0,0.011564583266238758,0.047792445729348126,0.0,0.024472749728574487,0.0,0.15758662266000656,0.13087422799993906,0.13828508963918004,0.04134893055294659,0.03160483071748745,0.07494541530015983,0.0
tcga-49-aar9,0.0,0.0,0.0,0.06807086724690595,0.0,0.03997225010512718,0.0,0.2087572710463891,0.0,0.0,0.0,0.014119407557613279,0.0,0.06095916149661296,0.0,0.12877339918482106,0.11644901044015998,0.1468612722104869,0.13022227357503663,0.08581508713684709,0.0,0.0
tcga-49-aare,0.0,0.0,0.0,0.027619221242768752,0.03728465037644737,0.13572410743281074,0.04737490627842895,0.012808533239267648,0.03525075884316594,0.0,0.0,0.03461834762631983,0.022064435598370465,0.03525376382464939,0.026400408926338118,0.15754924079989033,0.1769874359507519,0.07473404256616158,0.08964398163368716,0.0,0.08668616566094182,0.0
tcga-49-aarn,0.0,0.0,0.0,0.0,0.049942820035996566,0.1721808287294747,0.0,0.059845810999672865,0.0,0.0,0.0,0.030365319961484834,0.08264776194590266,0.0,0.03200127003632387,0.22003975212110166,0.0639269728575625,0.1952566237816667,0.01401380038202505,0.0,0.07977903914878857,0.0
tcga-49-aaro,0.0,0.0,0.0,0.0835514438253139,0.06521068047687784,0.09130874344520434,0.0,0.0,0.0,0.0,0.0,0.053044028659030115,0.0,0.024873940459780502,0.03842687823654456,0.1454060577281054,0.16452033345451483,0.12217221983200552,0.12071825281891352,0.0,0.09076742106370948,0.0
tcga-49-aarq,0.0,0.0,0.0,0.0,0.0,0.04697213266264143,0.19051893262965852,0.022968177703842473,0.0,0.0,0.0,0.011312085933833493,0.0,0.0,0.19394625475987345,0.16919340060745588,0.20039239739649892,0.07194701125528295,0.07520276049367511,0.0,0.01754684655723778,0.0
tcga-49-aarr,0.04510449303052186,0.0,0.0,0.0,0.07890601131051107,0.03238556315816658,0.0,0.0407683587359033,0.06372814873882421,0.0,0.0,0.05930566903094658,0.1811908413793847,0.0,0.04755094913486005,0.23511749589867884,0.046308777857923165,0.06612750458848189,0.08750436758532759,0.0,0.01600181955047014,0.0
tcga-4b-a93v,0.0,0.0,0.0,0.0535628830579897,0.0,0.0,0.09143470674586314,0.03135739172567551,0.0,0.0,0.0,0.09374511736904555,0.07421793363431169,0.036190434138164064,0.1399063511922359,0.08894291396547321,0.27352350097249467,0.026951304204137716,0.05868401927097081,0.0,0.03148344372363803,0.0
tcga-50-5044,0.0,0.0,0.0,0.045234723065900165,0.0,0.0,0.08781596234219764,0.014473290107986418,0.07065628247814845,0.0,0.0,0.0572656770333932,0.07883562910740698,0.07238042067634062,0.08621853490842256,0.10471060149765445,0.14449597918541482,0.028408549795359818,0.20950434980177488,0.0,0.0,0.0
tcga-50-5045,0.040966611061881084,0.015104621556255792,0.0,0.09943958740214594,0.0555982577643841,0.02129024990806921,0.050855695893138785,0.0,0.03767688019312655,0.0,0.0,0.0,0.02495322702172402,0.09976146495636931,0.07341059656039053,0.09907355793604312,0.09092640959628927,0.11637421870361372,0.12405587415918747,0.0,0.05051274728738111,0.0
tcga-50-5049,0.00929867562991881,0.01237710501759188,0.0,0.0681849759748554,0.006113737234462513,0.0,0.07155648806340187,0.03360257376619412,0.10814405699536284,0.0,0.0,0.05397534625931547,0.0,0.09102580481376683,0.11413921979367467,0.09418677122736807,0.08689703805772903,0.11287594812973745,0.09956116517246197,0.0,0.02446017040182501,0.013600923462333943
tcga-50-5051,0.0,0.0,0.047103269602699706,0.0,0.072725320977302,0.10570996265751571,0.0,0.0,0.0,0.0,0.0,0.16136577816333098,0.010834406612137921,0.0,0.14649981096711417,0.17811243089702875,0.11147297224564687,0.07162220377680041,0.06477540800292335,0.029778436097500142,0.0,0.0
tcga-50-5055,0.0,0.11472866323405229,0.0,0.002347250416617174,0.06618606477039055,0.07409762971357994,0.11026122607680569,0.011675672179416676,0.0,0.0,0.03829358932460438,0.0,0.051667989943319816,0.0,0.1483043013251241,0.10252236091734267,0.08453846907003112,0.08923369294333096,0.08438676560378884,0.0,0.02175632448159594,0.0
tcga-50-5066,0.03904905238670482,0.0,0.0,0.07066196405935393,0.0,0.0,0.08094108949412465,0.0,0.07993193339059924,0.0,0.0254433569967768,0.021554405867790748,0.07027978920592422,0.06129450948242925,0.12770246842916952,0.11876102313542948,0.06793266345327459,0.07246433362562993,0.16398341047279283,0.0,0.0,0.0
tcga-50-5068,0.0,0.04200955607201854,0.0,0.07026990128425671,0.05712178789241023,0.0,0.013551565787014242,0.004859099268122345,0.09969571207233625,0.0,0.0,0.012884052437498199,0.13952170061584812,0.0,0.1312928123435008,0.03613846191053701,0.1107322221153774,0.1083086644556058,0.17361446374547437,0.0,0.0,0.0
tcga-50-5072,0.0,0.025643476733084432,0.0,0.0,0.0,0.01680603141753091,0.0,0.09450914154129628,0.01538737379186563,0.0,0.0,0.130064416821008,0.05300238173205155,0.1878122797287247,0.008824510924512051,0.06779758535155032,0.14696334577334236,0.1062019044339486,0.08598247304151822,0.06100507870956693,0.0,0.0
tcga-50-5930,0.02628621857736111,0.0,0.0,0.09306746218467087,0.06833919050632445,0.0,0.016666666065142013,0.0,0.10574238692703308,0.0,0.0,0.0,0.15888068713887557,0.08894408018815715,0.06218844490291645,0.03366012916969095,0.09641498159033973,0.061477645314596374,0.08945378502637168,0.0988783224085205,0.0,0.0
tcga-50-5931,0.0,0.0,0.0,0.0,0.0,0.027168520950694424,0.0877693810452885,0.0,0.037869972780917686,0.0,0.0,0.0,0.119662299367639,0.11780477770726852,0.06860941710314092,0.00976757616516843,0.14280459410113203,0.1515870273600941,0.08218003131264708,0.11794459666297638,0.011823457907873043,0.02500834753515987
tcga-50-5932,0.0,0.0,0.0,0.09770240716181114,0.04668537066851983,0.0,0.0,0.0,0.037365166617434824,0.0,0.0730534466837327,0.0,0.12567217740425185,0.186922420833959,0.07776250950342167,0.1235268863260179,0.10877638452036938,0.004288768609977637,0.11824446167050406,0.0,0.0,0.0
tcga-50-5933,0.0,0.0,0.0,0.0,0.0,0.0,0.09490804720935475,0.08215381889880877,0.009130260118457814,0.0,0.041907840152386175,0.0,0.21919996548129841,0.15193679138380697,0.03224315129790937,0.027214919886299847,0.07149722129923444,0.15601583108262998,0.016799299384626553,0.08079673105771389,0.0,0.016196122747473025
tcga-50-5935,0.05216169883074798,0.0,0.0,0.0,0.03869477384549083,0.04075576127188603,0.0,0.0,0.03951483814832806,0.0,0.0,0.0,0.12221761706347439,0.051284799957081954,0.13558891381322147,0.07617740767321406,0.20444631422003423,0.09350937818975721,0.0965000468803302,0.027912042333209163,0.01548453827199183,0.0057518695012325925
tcga-50-5936,0.07205283545244677,0.0,0.0,0.08136313560110557,0.03179754571062406,0.0,0.05280520607185672,0.0,0.06777722290571267,0.0,0.0,0.0,0.13751545926806627,0.0695171588571848,0.06811485669579168,0.02181757046536632,0.16157850344943986,0.06556348614125776,0.10199919922650566,0.06809782015464198,0.0,0.0
tcga-50-5939,0.09111237275641433,0.0,0.0,0.08577739468989312,0.0,0.0,0.0,0.0,0.09820376666806088,0.0,0.0,0.0,0.10684096027766132,0.1787584750115433,0.05469697702827982,0.0,0.12246450360960973,0.055332629874334134,0.1441501665047031,0.06266275357950024,0.0,0.0
tcga-50-5941,0.0,0.0,0.0,0.0,0.0,0.021049134938652573,0.14044259742594017,0.0018745396965788512,0.0,0.0,0.0,0.0886879771331388,0.13719286443562206,0.05509881055426419,0.1357175326874211,0.12174493006516222,0.15311208287179107,0.05751936385153394,0.08756016633989502,0.0,0.0,0.0
tcga-50-5942,0.0,0.09740569376693797,0.0,0.0,0.10858834122186702,0.08711999810695005,0.0,0.08001342121330636,0.0,0.0,0.07485008526771916,0.0,0.05021776337177173,0.0,0.06838521323661848,0.2484365404442354,0.038121601576843925,0.045515918077811114,0.10134542371593887,0.0,0.0,0.0
tcga-50-5944,0.0,0.0,0.0,0.0516967903580912,0.0693420540043117,0.004754915448989051,0.0,0.0026104649989525724,0.09297236581057201,0.0,0.0,0.0,0.07523355752304221,0.2011345289946986,0.04939193789280967,0.2062321969649489,0.06947259092108306,0.0,0.17155739926911515,0.0,0.005601197813385851,0.0
tcga-50-5946,0.0,0.0,0.04118242213228577,0.01612872143865647,0.0,0.05315244225756586,0.0,0.11636941766467024,0.02004823869662092,0.0,0.0551489652398219,0.0,0.0,0.0,0.1301501426692086,0.1951713345724114,0.1048850193706941,0.168096023540881,0.04257595388141886,0.05709131853576488,0.0,0.0
tcga-50-6590,0.0,0.018116390261245986,0.0,0.06255912372143635,0.0,0.0,0.06447314384694133,0.06203843254623566,0.12164218545820575,0.0,0.0,0.07737028759114684,0.09444400601645134,0.10492835709057917,0.0,0.14053787122232123,0.07329181283124785,0.07718195659969453,0.08753393263468838,0.0,0.01588250017980562,0.0
tcga-50-6591,0.0982241163659984,0.0,0.0,0.04861416565786772,0.0,0.0,0.0,0.1235335556711613,0.0,0.0,0.22072069725362345,0.03182735007944694,0.09007104526799412,0.09921893450830406,0.004593403263153624,0.07818323532846554,0.1045631696135878,0.0,0.10045032699039708,0.0,0.0,0.0
tcga-50-6592,0.0034678049212018137,0.0,0.0,0.0881962587916254,0.0,0.0,0.15435435758897748,0.0,0.054515625715079695,0.0,0.06448547508994464,0.0,0.04653601611173773,0.10932028447363885,0.056978861933506174,0.052098654637262314,0.15535027583648042,0.013341794820463814,0.19313961030000823,0.0,0.00821497978007336,0.0
tcga-50-6593,0.0,0.0,0.0,0.09066520492713262,0.0,0.03550986313235963,0.01527236106083166,0.0,0.0,0.0,0.0,0.0,0.07786286601818009,0.10531410574182458,0.006544504542907287,0.1461367986102927,0.29390507853263664,0.01657414127176436,0.1069009279598463,0.057679647133321105,0.015740327149602842,0.03189417391930021
tcga-50-6594,0.0,0.0,0.0,0.04824171661844147,0.0,0.07471916408992817,0.04097905514009804,0.0,0.013048487223368306,0.0,0.0,0.06542342724425868,0.07213082812964722,0.20835271413763765,0.04113144155572382,0.1483863725166531,0.03309361817104163,0.15296859376155408,0.01898860608656884,0.08253597532507911,0.0,0.0
tcga-50-6595,0.028078590110144935,0.0,0.0,0.068877207336812,0.06846534011467673,0.0,0.027085965910707766,0.0166272262898339,0.0858652152619609,0.0,0.11539782742514129,0.0,0.20286149482509522,0.025806270892039674,0.09111102494568254,0.04903573530946174,0.06117865078587031,0.02154975505334811,0.13621126456087512,0.0018484311783497668,0.0,0.0
tcga-50-6597,0.0,0.0,0.0,0.0,0.031972228146152235,0.061541267730100394,0.09916482692884943,0.015661046503020894,0.0,0.0,0.008079058113505493,0.055139605802354316,0.024650314215574433,0.0,0.10559453603165474,0.15198758053093714,0.15601094097233997,0.12122793256564464,0.1319332375678241,0.0,0.037037424892042224,0.0
tcga-50-6673,0.0,0.049603335211874676,0.0,0.0,0.0,0.0013074181060360591,0.0018710664078426806,0.0,0.0066707814870384735,0.0,0.0,0.05470272487582685,0.011532061080339233,0.28814719737597827,0.07154215617151953,0.26829656995834444,0.11219154377975891,0.13413514554544084,0.0,0.0,0.0,0.0
tcga-50-7109,0.010213072890420158,0.0,0.0,0.13605043548382575,0.0,0.0,0.09722381386985421,0.04409156295419893,0.0,0.0,0.0,0.07413771225782839,0.10263614072147391,0.0,0.1528570362979005,0.10277836909838975,0.08151508431266133,0.060005468171133926,0.10768545217092143,0.013179902124549394,0.01762594964684231,0.0
tcga-50-8457,0.0,0.017273249732990263,0.0,0.0,0.11228081604201462,0.039835557969146285,0.0,0.05067986343308686,0.025962268501698027,0.0,0.0,0.10382118464526473,0.07389969653215352,0.015967251756227006,0.018994387889768014,0.1729390829447202,0.10910774194711416,0.1504135475185863,0.05175228494734681,0.0,0.05707306613988322,0.0
tcga-50-8459,0.004378239873904347,0.0,0.0,0.09125929411757186,0.0020041923659246943,0.0,0.0,0.0,0.06851458917238132,0.0,0.0,0.01704018443780751,0.12005348069759218,0.14160940667619087,0.018645697821499187,0.21578386861778265,0.1224323075374592,0.0870310686656348,0.10715185772148986,0.0,0.004095812294761531,0.0
tcga-50-8460,0.0,0.0,0.0,0.05281204885030586,0.0,0.09782530961845932,0.0,0.0,0.0,0.0,0.0652143273990895,0.0,0.07961752401275803,0.0349431631976534,0.12225521819995773,0.14893889293705828,0.16024093629418354,0.026426897420917375,0.06975355010991086,0.0,0.1419721319597061,0.0
tcga-53-7624,0.0,0.0,0.010551309902530549,0.01988716886511996,0.0,0.0010386161893265937,0.2080021279345442,0.0,0.0,0.0,0.058902937353036616,0.030910249178034654,0.07487146071581696,0.09404247770725978,0.0,0.14800461785982047,0.05458862276962492,0.21783864150194376,0.08136177002294155,0.0,0.0,0.0
tcga-53-7626,0.0,0.040578872611738516,0.0,0.0,0.0,0.027399839967746316,0.0,0.07497263565297607,0.06633392656810008,0.0,0.0,0.09524091704449128,0.11115309936883254,0.0,0.15223443973581757,0.1405198445803513,0.08214204467571376,0.06934475291344167,0.05260972977419791,0.0,0.05889421980897121,0.028575677297621803
tcga-53-7813,0.0534746298480896,0.0,0.006894670476735386,0.0,0.0,0.05794287963133293,0.06073289783736768,0.1741487539125062,0.0,0.0,0.0,0.07753805549810174,0.002108904035089975,0.02376801630963436,0.0913675198828892,0.1504340403872288,0.0946136836744659,0.0676104610861564,0.13936548742040178,0.0,0.0,0.0
tcga-53-a4ez,0.0,0.0008340014707272086,0.0,0.047541006179470414,0.0,0.0,0.0,0.05659740594869964,0.0,0.0,0.0,0.09827169869697043,0.07359147990053475,0.10426682750794901,0.010855300983133349,0.2307449379721551,0.10286231511799607,0.1448897383421666,0.12954528788019748,0.0,0.0,0.0
tcga-55-1592,0.0,0.0030660932900015442,0.0,0.007530974681988265,0.0,0.012952225289835712,0.0,0.09857252947507318,0.049521136712134324,0.0,0.0,0.12715808236714615,0.012509880119397654,0.1488219788406289,0.01348883330922238,0.21483779872796585,0.08510014998476344,0.14326475356016372,0.05612798401597828,0.0,0.027047579625700598,0.0
tcga-55-1594,0.046986164732288185,0.0,0.0,0.0728382521785809,0.04927555079529573,0.0,0.044500342280858515,0.03597268183898781,0.06470224211196136,0.0,0.07303542832024144,0.0,0.05785592767385402,0.05389617924335017,0.09217331756227498,0.15909662062236146,0.06073374962933225,0.08047615506286429,0.10845738794774887,0.0,0.0,0.0
tcga-55-1595,0.0,0.0,0.0,0.0,0.012905796565968315,0.0026676642686515144,0.023160469824435013,0.055137161693099776,0.0406831053404613,0.0,0.0,0.13973453473622108,0.030319412083244488,0.025294140695786956,0.09518408041126825,0.2548810051600795,0.18523129853414347,0.06250752103785445,0.07229380964878587,0.0,0.0,0.0
tcga-55-1596,0.0,0.0,0.0,0.0,0.0,0.0,0.0643733540752422,0.0791423397261322,0.08549723024013062,0.0,0.0,0.11896190942953315,0.096438333459786,0.07591350462423162,0.0,0.11306693824604994,0.13390094791613544,0.10524814521163751,0.12745729707112133,0.0,0.0,0.0
tcga-55-5899,0.0,0.0,0.0,0.03409123159937428,0.009814156891173244,0.0,0.17751936783327799,0.0,0.019369789860295805,0.0,0.10202599830122983,0.0,0.07887835227293098,0.1098493199014914,0.13030450617315528,0.054756487666713566,0.10250723206960206,0.04521088912540195,0.13567266830535363,0.0,0.0,0.0
tcga-55-6543,0.0,0.054875591484264595,0.0,0.05160178310098057,0.0,0.0,0.0,0.05561970643537537,0.020577093184930825,0.0,0.0,0.0886536753101618,0.11559752256057987,0.1378079710164625,0.044687951028926476,0.1656485034546987,0.15661769590519012,0.006212880830546328,0.024951070174860642,0.06901844103033782,0.00813011448268438,0.0
tcga-55-6642,0.0,0.0,0.04055863092916227,0.011379759830912701,0.030246373588107296,0.0,0.008675314975139396,0.036968652194493905,0.05758989684196358,0.0,0.06082330034112003,0.07137429087447426,0.12684998848151632,0.016565065062561918,0.10801043611794776,0.12820550069969328,0.0755066930721759,0.115567671419157,0.1116784255715744,0.0,0.0,0.0
tcga-55-6712,0.0,0.0,0.0,0.05649142636727582,0.0,0.0,0.0368128514432133,0.06132688437833694,0.04563800782801572,0.0,0.0,0.12463920515794784,0.08217294549403932,0.13288554870199007,0.0,0.12776052938924354,0.048804847328792846,0.15520950273163125,0.03225784193654207,0.050305035880674004,0.04569537336229726,0.0
tcga-55-6968,0.028123652347677764,0.0,0.0,0.12735188023246322,0.010037743599342532,0.0,0.0942063774640089,0.0,0.05398779862718061,0.0,0.0,0.0,0.010732394424905796,0.09237135876191073,0.057172692953848386,0.1530537246611163,0.17821675601088113,0.0,0.11225488575134941,0.0,0.0,0.08249073516531533
tcga-55-6969,0.0,0.0,0.0,0.09224435205808823,0.0,0.0,0.007618634699644405,0.01787639728695967,0.13495288509266962,0.0,0.0,0.0,0.12455865294943169,0.17408528910486462,0.07698865179207572,0.04402949659713438,0.14402713592385827,0.029029680744322578,0.1452991241048443,0.009289699646106533,0.0,0.0
tcga-55-6970,0.1147932732181159,0.0,0.0,0.0,0.0,0.010207794787593283,0.022552764729298576,0.0,0.05210066353738847,0.0,0.05577110986217176,0.0,0.24456960428485636,0.0,0.1224231888365695,0.1248952737961369,0.0,0.03413761593442298,0.2176871430643628,0.0,0.0008615679490834869,0.0
tcga-55-6971,0.06893449356345789,0.0,0.0,0.08147065575325736,0.027239555295174165,0.0,0.0,0.03599771279843088,0.014259822627894747,0.0,0.0,0.0,0.1834765605227238,0.09754879877054072,0.11487662744088709,0.10847758874040479,0.09612559005575208,0.0,0.11842038285676613,0.05317221157471036,0.0,0.0
tcga-55-6972,0.04684492057102204,0.0,0.0,0.07833760998509394,0.011307159162003144,0.0,0.01075666837357091,0.0,0.06667556241719072,0.0,0.04661804573743264,0.0,0.2706853319730744,0.013192569317288579,0.11988921805229774,0.11038257470243076,0.08616892342778587,0.005299879566122602,0.13384153671468677,0.0,0.0,0.0
tcga-55-6975,0.018598530310256392,0.0,0.0,0.11158628756708548,0.013436126881783986,0.0,0.01593001267918838,0.0,0.07033121544584153,0.0,0.0,0.0,0.08885772144577304,0.1146646049700281,0.11234309447024277,0.0677375616103495,0.15519606009255252,0.0,0.1372705424986925,0.010956582391231,0.08309165963697492,0.0
tcga-55-6978,0.05649612036587532,0.0,0.0,0.0,0.004637346530981551,0.00722519483233895,0.0,0.0,0.045874442500325296,0.0,0.028396899306463493,0.0,0.2995585954242553,0.06212245753136906,0.054522094512980165,0.20972167996039784,0.052138434820782835,0.02944568376990145,0.14451169737388667,0.0,0.0,0.0053493530704421186
tcga-55-6979,0.04166758886360501,0.0,0.0,0.06760829880828605,0.0,0.0,0.07437669246835969,0.0,0.09832697863044053,0.0,0.0,0.0,0.09544839723172004,0.12550117422834245,0.03534698961318467,0.0992323564323175,0.08735233036271373,0.1073939509873963,0.06828034535215259,0.051103333532904985,0.0,0.048361563488576426
tcga-55-6980,0.05146068118762665,0.0,0.0,0.032717367433572994,0.02858824357729282,0.0,0.044472585931211936,0.011536860427186603,0.032322531053018834,0.0,0.1325892403170686,0.0,0.18120325647775892,0.0,0.08600865125848382,0.13430321056742422,0.13940983496867498,0.0,0.12538753680067963,0.0,0.0,0.0
tcga-55-6981,0.009781322462744435,0.0,0.0,0.00859982183699993,0.06128462505029388,0.0014948001537104147,0.0,0.0037307775252463757,0.07638452186680907,0.0,0.008745995493212498,0.0,0.18581256197391108,0.12257963310332845,0.10393265170256188,0.14746668889289336,0.08677229807762957,0.0,0.1714245864927329,0.011989715367926168,0.0,0.0
tcga-55-6982,0.07782702036545525,0.0,0.0,0.08911651774242717,0.04277670448945074,0.0,0.0,0.03465371677937228,0.042746688943003916,0.0,0.050043980509128644,0.0,0.1832849593685286,0.03572472542063956,0.11928451602165563,0.11351439335656109,0.08599531720853756,0.0,0.12503145979523952,0.0,0.0,0.0
tcga-55-6983,0.04962670774920003,0.0,0.0,0.032546903014443504,0.0,0.0,0.09845227081759021,0.0,0.04686340604852114,0.0,0.0,0.0,0.08721177209602744,0.12506426279040658,0.07530788920349932,0.07166450908827918,0.16437205850956293,0.04258074729071563,0.17597066679334034,0.021973222836166508,0.0,0.008365583762247282
tcga-55-6984,0.09539823005422897,0.0,0.0,0.037645361862213136,0.06723781073258574,0.0,0.06617469199540807,0.0,0.05125929510633035,0.0,0.014750294972979883,0.0,0.15408585104345857,0.0,0.0695126819412773,0.07231916858708733,0.14290139722681844,0.08569502828491135,0.11950000339889758,0.0,0.023520184793803314,0.0
tcga-55-6985,0.039317687983456404,0.0,0.0,0.037548603229411184,0.0,0.02739070908363426,0.02043878410642175,0.0,0.04065180858611954,0.0,0.0,0.0,0.14769977304793688,0.11559735947772293,0.04139059240473261,0.05372534759602857,0.14202791053726307,0.13661768295641985,0.12586249784318665,0.02725955480004394,0.0,0.04447168834762231
tcga-55-6986,0.09924279668242192,0.0,0.0,0.001784774205708894,0.08142478993769746,0.0,0.0,0.0,0.04132725943016167,0.0,0.0,0.0,0.2527261488597587,0.09636732044735304,0.03166841814304147,0.18762276676682385,0.0061829658637922915,0.0,0.18984577030673896,0.0,0.0118069893565017,0.0
tcga-55-6987,0.06989213245223676,0.0,0.0,0.10247797659199297,0.0,0.0,0.08540676312914669,0.02077095200866859,0.042917863204985265,0.0,0.0,0.043675008320220296,0.11295944578050478,0.0060231822036164095,0.13621300790762977,0.08214029436743019,0.12614479370419465,0.09762871882810413,0.07374986150126951,0.0,0.0,0.0
tcga-55-7227,0.07003368816590723,0.0,0.0,0.032180874257550764,0.0240652670552139,0.0,0.07137814707795279,0.0238775011000073,0.0,0.0,0.0,0.06928735989388778,0.05133329979386922,0.009510282222125434,0.11261251062448187,0.10888823971628121,0.17796089559273248,0.08180929487649848,0.14794114998775956,0.0,0.0019038370363422923,0.01721765259938978
tcga-55-7281,0.0,0.0,0.0,0.0,0.021284445151484158,0.021484208264732484,0.0,0.01307533986929579,0.0,0.0,0.0,0.07997424718251904,0.12282062609345488,0.016511153831886696,0.10591408857063657,0.1269293279499606,0.22974962292714574,0.12597195686813908,0.05935043083113131,0.07693455245961377,0.0,0.0
tcga-55-7283,0.0,0.0,0.0,0.0,0.0,0.07608237354290762,0.05631639056225976,0.020483922681157375,0.0,0.0,0.0115587610326865,0.08593134627509738,0.1398648459744343,0.022577918379245398,0.14705052896621823,0.18336975581641513,0.07100570608885023,0.009110834631631743,0.13891801867247067,0.0,0.03772959737662567,0.0
tcga-55-7284,0.0,0.0,0.0,0.0,0.09764160900095278,0.03282887073195573,0.0,0.035960589599414935,0.11019601063645657,0.0,0.0,0.008448208060459667,0.1386313781044363,0.07440231077043451,0.0895225743214557,0.21385786029151715,0.0024789254066857266,0.055936912811263194,0.14009475026496773,0.0,0.0,0.0
tcga-55-7570,0.052065074755947974,0.0,0.0,0.0,0.015031261427225006,0.0,0.1704473709889166,0.09157848337802743,0.0,0.0,0.06310781090419519,0.0,0.0,0.09648265409281254,0.1119127509856387,0.10037682227574797,0.095730827778918,0.037017626420167316,0.16624931699240328,0.0,0.0,0.0
tcga-55-7573,0.0,0.0,0.0,0.0,0.12174769632052179,0.0,0.013603473647443087,0.05032338663760024,0.0650507800577797,0.0,0.059777548976704,0.0,0.09039424125024728,0.0,0.10309410402326455,0.21168403922243256,0.04937974796156318,0.13071486600621782,0.04598443486989032,0.0,0.05824568102633546,0.0
tcga-55-7574,0.04456405932260285,0.0,0.0,0.02281568372425189,0.060387376823664046,0.0,0.06990993120422287,0.08927145628698388,0.0,0.0,0.02189532691735284,0.04281922640864067,0.05921348834759756,0.010643638480256448,0.12550249327501514,0.0915566267532478,0.12960182152870242,0.06004824750868066,0.09224530719526529,0.0,0.07952531622351562,0.0
tcga-55-7576,0.0,0.03101403792814202,0.0,0.0,0.0,0.0,0.06260887694952312,0.08174950615014019,0.008620924447042985,0.0,0.0031804191472301954,0.012349158949277659,0.07560049982898048,0.07786321200462099,0.09391291621577393,0.25326780106685615,0.08591288309431357,0.02945263781479393,0.18446712640330476,0.0,0.0,0.0
tcga-55-7725,0.046433891970241545,0.025344761559416062,0.0,0.0,0.0,0.0,0.025868406122961842,0.16387214800669678,0.08669969871718664,0.0,0.04731547254843103,0.018402998331694353,0.13013995201902162,0.009633753755711088,0.09298583287627814,0.08661817762692049,0.07907078147518276,0.07557334686417325,0.1120407781260844,0.0,0.0,0.0
tcga-55-7726,0.07469216690701402,0.0,0.0,0.09839011921594101,0.0,0.0,0.056736111707566254,0.12310237844037916,0.021673342523575514,0.0,0.0,0.0,0.0868773270312154,0.09897497211773462,0.0,0.09531971128174284,0.08098982202891779,0.049614852134455836,0.1671223167676877,0.04650687984376983,0.0,0.0
tcga-55-7727,0.005662655032255485,0.09493263250242341,0.0,0.0,0.046009295033098134,0.04439869663903241,0.0,0.19039137613961185,0.0,0.0,0.0,0.0731375943971045,0.0,0.07327409812180309,0.12250626843597719,0.14826075809887818,0.03804747533388274,0.08731480330532537,0.07606434696060761,0.0,0.0,0.0
tcga-55-7728,0.050742569738135485,0.0,0.0,0.07741905582179259,0.07105437741157113,0.0,0.0,0.0,0.080538335582189,0.0,0.0,0.04485810851203477,0.112626385683588,0.031776994369790576,0.03863324350213823,0.14870764998608027,0.11381161661659875,0.07797118985408746,0.07730001009265515,0.0,0.03603451932300872,0.038525943506329936
tcga-55-7815,0.1290572127928514,0.04972648591574071,0.0,0.023284175503663913,0.0,0.0,0.07924803568692158,0.0,0.0,0.0,0.0807821925616305,0.0,0.0,0.1279207748976874,0.1373673913915683,0.1495183670238259,0.026758334308801097,0.05331611313502781,0.14302091678228138,0.0,0.0,0.0
tcga-55-7816,0.04305835939731652,0.0,0.0,0.07979826233037801,0.02242805699456309,0.0,0.0,0.0025988430965285607,0.12137966885905078,0.0,0.009355460294685328,0.0,0.0971162722025276,0.13851967230198287,0.022049612123532982,0.12299642035183322,0.1299692979648206,0.10782522552695521,0.03318918353979881,0.007005283349135476,0.06271038166689101,0.0
tcga-55-7903,0.0,0.0,0.0,0.0,0.021292541851254888,0.0,0.08948160060870478,0.0007763173737002982,0.0,0.0,0.0,0.19726388669550118,0.06352949375268808,0.021404793145135527,0.0999077162183154,0.138757736750516,0.14815247435225432,0.1163460811434256,0.05800280674853212,0.032623828620532494,0.012460722739439397,0.0
tcga-55-7907,0.0,0.0,0.0,0.05682138347519612,0.0,0.02822870696114834,0.0,0.08023825335089899,0.05685515465446282,0.0,0.0,0.11254792744976846,0.06400219329924825,0.06685827566246777,0.006726793668691945,0.1868026842045661,0.10161315749305641,0.11980791224371633,0.0850930725389428,0.0,0.03440448499783563,0.0
tcga-55-7910,0.0,0.022691239117276902,0.0,0.0,0.0,0.037849572383253545,0.04127877156361678,0.07737473649507647,0.0,0.0,0.0,0.10504549856563818,0.0,0.11198502797939432,0.10228022799321318,0.19698157674529584,0.08938311643990345,0.081286471362866,0.04860467384215633,0.0,0.08523908751230899,0.0
tcga-55-7911,0.021584936356971205,0.0,0.0,0.07163826517205373,0.06248995215858416,0.0,0.09383699252081878,0.056549965377867016,0.09584827873577563,0.0,0.0,0.0,0.04547328107815455,0.018392578256962534,0.10493857661858776,0.06821046194970412,0.07923213089777499,0.1115649982935612,0.10693809395314126,0.047744169403042484,0.0,0.015557319227000533
tcga-55-7913,0.0,0.0,0.0,0.0,0.0,0.03711001097053932,0.0,0.07602795493950468,0.020760268053356765,0.0,0.0,0.20667967178297372,0.0,0.1373841620286315,0.07888532753178855,0.13940650515769037,0.08066994646958546,0.10695663196332002,0.10651374019021723,0.0,0.009605780912392387,0.0
tcga-55-7914,0.0,0.03673633717645155,0.025935692810852062,0.0,0.042904511050101055,0.09926609705892184,0.0751423073504339,0.030118820300007298,0.009755144332907046,0.0,0.11999415013759986,0.030498151637590364,0.0347166199998639,0.0,0.13645863961924135,0.1454083330490725,0.08850137164334233,0.07555535146917333,0.049008472364441634,0.0,0.0,0.0
tcga-55-7994,0.0,0.0,0.0,0.14711886317253164,0.0,0.0,0.048179227356181326,0.05929209101543783,0.042747217407,0.0,0.016982324542192735,0.015829747263295113,0.029917166465417568,0.08234905501295751,0.0,0.19526557885621174,0.16930103744102204,0.08310448641442804,0.10068178481955056,0.0027655123022827677,0.0,0.006465907931491195
tcga-55-7995,0.02840370711264007,0.0,0.0,0.06682515677892717,0.0,0.05847965800710189,0.04586950601126765,0.08853602759296265,0.0,0.0,0.0,0.025613908700345467,0.022105445688526248,0.01633709000985534,0.08154157059506305,0.20529468076509205,0.27967132787970544,0.08132192085851295,0.0,0.0,0.0,0.0
tcga-55-8085,0.05549681960185387,0.0,0.0,0.07007234019999463,0.0,0.0,0.13078388498254553,0.03978788085585013,0.0,0.0,0.0,0.0,0.03085128086603822,0.0725249528042225,0.18886638062041025,0.05297822627579386,0.15767177097880788,0.057142644282323955,0.10700825409183104,0.0,0.036815564440328165,0.0
tcga-55-8087,0.06991578541645901,0.0,0.0,0.01242025407433131,0.005650076481722309,0.0,0.0,0.1643741746047801,0.0,0.0,0.0,0.0,0.13014198001807273,0.0960092851019147,0.06354934649049461,0.2292325369874916,0.09247737275213043,0.0,0.13622918807260317,0.0,0.0,0.0
tcga-55-8089,0.0,0.0,0.0,0.1554628238443657,0.0,0.0,0.051126412624223315,0.0,0.09711433104248281,0.0,0.0,0.023627856661542133,0.10958930437567573,0.0862609879082507,0.02032557860435796,0.043805303369567686,0.17532137337075854,0.11229496865665896,0.10274702078516992,0.0,0.022324038756946447,0.0
tcga-55-8090,0.0,0.0,0.0,0.04103004177268828,0.0,0.0,0.0,0.06523146208582868,0.0,0.0,0.0,0.09398138883725983,0.10576770255543795,0.09364526623935503,0.04372399892562221,0.22223921753824386,0.07168334239491447,0.13299492158181012,0.11937473061685705,0.00248396011264258,0.007843967339339944,0.0
tcga-55-8091,0.0,0.0,0.0,0.07569009430627845,0.0,0.0,0.0,0.024856910905930677,0.027693716396267384,0.0,0.0,0.05482877223071271,0.0596266116737358,0.011789449863398697,0.07093081287300633,0.1994419522768233,0.2737952542555883,0.08135689039125192,0.0342435936083441,0.03324250001027823,0.05250344120838409,0.0
tcga-55-8092,0.0539427208801857,0.0,0.0,0.0008162555000408534,0.07716252426097908,0.0,0.023434232397962267,0.1409996453100264,0.033807388286086724,0.0,0.06059263217126198,0.03629588229459167,0.07307922952751462,0.0,0.0603589828591273,0.07124815866062671,0.20795437755157373,0.05421189606365468,0.03485815706175786,0.017312989963395434,0.05392492721121495,0.0
tcga-55-8094,0.0,0.0,0.0,0.0,0.0,0.1278408785970143,0.05335363405856953,0.0,0.0,0.0,0.12495601239835724,0.0,0.1405164480410777,0.14897066654985475,0.0,0.06709069974291022,0.0,0.2731361167575262,0.04463003874094584,0.019505505113744232,0.0,0.0
tcga-55-8096,0.0,0.0,0.0,0.023337649030903643,0.0,0.0,0.0,0.020777639200131405,0.04615519084113111,0.0,0.0,0.0,0.11571156545158381,0.28143591166692505,0.05136296300095352,0.26858991086293194,0.02907574602974319,0.11962762840680982,0.034205264407507756,0.0,0.009720531101378741,0.0
tcga-55-8097,0.02057796632750847,0.011343529702447744,0.0,0.0,0.049257303314524034,0.0412058324416888,0.011200580436472462,0.143287782450766,0.0,0.0,0.0,0.009672115301442968,0.14206812375674144,0.027229636469268823,0.047731198847537265,0.28622016249844867,0.02546597571324393,0.047532982071967274,0.12931500344147187,0.0,0.00789180722647026,0.0
tcga-55-8203,0.07033874581460407,0.0,0.0,0.0,0.0,0.10425301591671476,0.0,0.10472615897308543,0.0,0.0,0.0,0.08328213804488112,0.09406087287587586,0.0,0.16277157793360308,0.17201561461783385,0.08730056986155434,0.06722216208437705,0.05402914387747046,0.0,0.0,0.0
tcga-55-8205,0.04109292653073968,0.0,0.0,0.05883423430184277,0.0,0.0,0.16449784951398383,0.0,0.03583651378109503,0.0,0.06091111780138358,0.0,0.04968466347543115,0.13995009156384583,0.11010434429608744,0.0829489757226133,0.09629377677162886,0.0,0.15984550624134866,0.0,0.0,0.0
tcga-55-8206,0.04889628121113356,0.0,0.0,0.14179444806942515,0.026350786898826202,0.0,0.0,0.0,0.043790020212958934,0.0,0.0,0.008143397275319583,0.048574886336452634,0.0802422610904384,0.0656293873539992,0.14509944828956206,0.08953230327463224,0.005551716853552865,0.12342504617184501,0.07278655806907736,0.0345680539207542,0.0656154049720226
tcga-55-8207,0.02307177411539704,0.0,0.0,0.0,0.019856779230325097,0.03352491132267607,0.0,0.0,0.0,0.0,0.0,0.012343908296743963,0.05174419638148843,0.09962378435497213,0.056376612339657864,0.3423846030925794,0.13833926529980398,0.012631716430654085,0.17177673822828748,0.0,0.03832571090741447,0.0
tcga-55-8299,0.0726617700563814,0.0,0.0,0.0786702170865865,0.013037707756267732,0.0,0.07458871641585703,0.06256547783578739,0.042494861375018345,0.0,0.0,0.04904155205340806,0.03436469898136252,0.04600332877471962,0.09372875970753275,0.043444867130969664,0.1370053453916624,0.06883186257638205,0.13897641783823997,0.0,0.04458441701982459,0.0
tcga-55-8301,0.0,0.0,0.0,0.11854416443457956,0.03606316014851603,0.0,0.09806037507662554,0.028233340710912273,0.00875913599085417,0.0,0.0,0.037948193167615114,0.10763353806500582,0.010061687895235817,0.10708944669462099,0.10121996463272803,0.1431455574057557,0.09930026393338977,0.0863155932636196,0.0,0.01762557858054147,0.0
tcga-55-8302,0.0,0.0,0.0,0.17996901613090216,0.0,0.0,0.0,0.03386025563052806,0.0,0.0,0.0,0.09771532241717662,0.09957673331161485,0.06976084686842163,0.0,0.15809415048963538,0.08155828274209957,0.14185007091638388,0.11732795449924456,0.020287366993993368,0.0,0.0
tcga-55-8505,0.0,0.0,0.019410526867840654,0.0,0.0,0.01032933056579436,0.0,0.05247835972229501,0.05694967871406549,0.0,0.0,0.16530631534235563,0.012401526786664618,0.15196060402829029,0.0,0.1265680488987099,0.13689073055633227,0.03711070788173381,0.14851255072127645,0.0,0.08208161991464155,0.0
tcga-55-8506,0.0,0.0,0.0,0.036554359106005144,0.0,0.16296715943455367,0.10964538494341357,0.004627714727361826,0.0,0.0,0.0,0.02876323763355423,0.0,0.057014937816533835,0.01041606669283225,0.14898772731599777,0.11239217389926003,0.13537419926783462,0.1387022547374947,0.0,0.0,0.05455478442515834
tcga-55-8507,0.0,0.0,0.0026963592567369786,0.0,0.0,0.005234023907059058,0.0,0.07131398951500069,0.0,0.0,0.0,0.1762406085352571,0.13809244900616452,0.10001852964585174,0.11135438377243723,0.21238389327372034,0.10087924198452197,0.01083737208545719,0.0709491490177931,0.0,0.0,0.0
tcga-55-8508,0.0,0.0,0.0,0.0,0.0,0.05492975487581038,0.0,0.14590667690987044,0.01922913134481895,0.0,0.0,0.1732187690571433,0.11600553719270146,0.009027449635705634,0.07019320577013535,0.1561811216163692,0.17642468590091867,0.020926068176858822,0.025130765971839088,0.0,0.03282683354782868,0.0
tcga-55-8510,0.0,0.0,0.0,0.0746884263967139,0.0,0.0,0.06297559023996056,0.006493156747658317,0.007849694436345252,0.0,0.0,0.07226289179308394,0.06402151146223026,0.11540823192999064,0.053094803982323246,0.18031738809033318,0.15415035129757249,0.05323448562472629,0.11511768524133165,0.0,0.04038578275773037,0.0
tcga-55-8511,0.0,0.0,0.0,0.010858405921223661,0.013062762949720221,0.06717322352886844,0.1002601130681442,0.06896424544644704,0.0,0.0,0.0,0.051016864560218055,0.0,0.12006866909511359,0.09957667485459666,0.17436449129197987,0.05881819477644205,0.15446097126577926,0.06596501939193052,0.0,0.015410363849536373,0.0
tcga-55-8512,0.0009594391400815969,0.0,0.0,0.0,0.0,0.10361644150470525,0.06179116781798729,0.0,0.0,0.0,0.0,0.10790862893129478,0.23090874000787306,0.01891280600767562,0.020310707389701615,0.17962504854132466,0.013187831727503357,0.14720871726690773,0.11557047166494502,0.0,0.0,0.0
tcga-55-8513,0.07861697478105299,0.034760972333544374,0.0,0.0,0.04214181063059516,0.04318623070186006,0.0,0.04796857533328649,0.023302479860268788,0.0,0.014915341288591339,0.0,0.19947326010918146,0.04048350782038129,0.08842063074464954,0.19997028892951305,0.011344991023546844,0.039400978163236025,0.1360139582802926,0.0,0.0,0.0
tcga-55-8514,0.0,0.0,0.0,0.03076000340981542,0.0,0.020228954082061386,0.02247097566885724,0.09667091204183642,0.08815537020989744,0.0,0.0,0.08440443264088887,0.13922172228976895,0.017403458698279885,0.03203159101848517,0.1953006814055059,0.16023710533946753,0.09536978592955266,0.0,0.0,0.017745007265583108,0.0
tcga-55-8614,0.0,0.0008652855275337361,0.0,0.14738690651090142,0.0,0.0,0.07266501641746605,0.08661616177010213,0.0,0.0,0.0,0.08601826772746474,0.10433530250771848,0.00907262763349538,0.03618571437870461,0.24072957847671625,0.11518334019855539,0.0009753540782830966,0.08243449483479441,0.01753194993826444,0.0,0.0
tcga-55-8615,0.0,0.0,0.0,0.0,0.0,0.0,0.06741162189650864,0.007974877337994126,0.0,0.0,0.0,0.09402456641372096,0.0,0.02605104115981259,0.17468897545276604,0.10946203017465343,0.1624428965104671,0.03003456810270801,0.13388412552864704,0.007555811949910304,0.18646948547281178,0.0
tcga-55-8616,0.0,0.07886763681769168,0.0,0.0,0.0319739922655235,0.13155873235880458,0.025356099123667136,0.11753364563939751,0.013921254495928612,0.0,0.0,0.005817937301257848,0.05587171013679927,0.0,0.008315513555952864,0.3204799578590639,0.058039786445744986,0.09797509420949771,0.04212587746503342,0.0,0.012162762325636968,0.0
tcga-55-8619,0.055734645142933456,0.0,0.0,0.0,0.04343103769973726,0.044474485353936596,0.0,0.0,0.0438105568933882,0.0,0.0,0.0224861060641328,0.10714320041958726,0.1343414840608162,0.08501658747563455,0.16543852028855185,0.029455648195267203,0.11111913898186977,0.11387229166886634,0.0,0.04367629775527845,0.0
tcga-55-8620,0.029242916500461597,0.0,0.0,0.0,0.03427031916069737,0.0,0.08663825773355877,0.12179568918722708,0.0,0.0,0.034069669708020035,0.0461777923901009,0.0,0.01685147596252917,0.18396524307180673,0.21325452717173102,0.15055021948456856,0.03473242460242486,0.048451465026874106,0.0,0.0,0.0
tcga-55-8621,0.07263353774570035,0.0,0.0,0.0,0.041899032999170326,0.006917344159226202,0.099802359911922,0.004189639067037902,0.02382307409546217,0.0,0.030733234346224936,0.0,0.030312434619937247,0.10551575013727854,0.10005930111658537,0.14498150005211108,0.14431226894222862,0.06707118792628255,0.084093469451461,0.0,0.0,0.04365586542937168
tcga-55-a48x,0.0,0.05453120799362164,0.0,0.0,0.10762302828093485,0.06586974712312917,0.06965722081168418,0.06455292543414083,0.0,0.0,0.0,0.027365023708397926,0.03241401488691251,0.0,0.09443494767346138,0.18060896883347616,0.13082148075471917,0.07992697333703835,0.022452889097913657,0.0,0.0697415720645702,0.0
tcga-55-a48y,0.0,0.0,0.0,0.0,0.0,0.0,0.05462897105465028,0.07508747043967609,0.022524827371148762,0.0,0.0,0.11922982671499094,0.03446512219728,0.13986470578244173,0.11216281252254653,0.14232607660098742,0.11309829328833038,0.0136071200245525,0.14124439185160118,0.0,0.03176038215179422,0.0
tcga-55-a48z,0.0,0.0,0.015053563955190434,0.0,0.017933950991048258,0.0,0.006465837796684388,0.0728786275927963,0.01711971300624755,0.0,0.0,0.13790119773669987,0.0423687764149283,0.040367099922552885,0.010711961185353025,0.24552342412800748,0.18654096808045725,0.06634460622336012,0.12219898953168921,0.0,0.018591283434984875,0.0
tcga-55-a490,0.0,0.0,0.0,0.0,0.0,0.0,0.145496819288536,0.0,0.0,0.0,0.0,0.07328335123438087,0.019566421277387707,0.13238408070121685,0.027247181721729304,0.05654714388125977,0.21234566321005993,0.12573120881279726,0.14064399267230318,0.038397893850088946,0.028356243350240225,0.0
tcga-55-a492,0.0,0.0,0.0,0.0,0.0,0.0,0.05600994866661233,0.12840604492542654,0.0,0.0,0.0,0.1286025796253558,0.10552568864211116,0.0,0.0848532589427264,0.16074338098574076,0.2663700581931551,0.0,0.0596126105732481,0.0,0.009876429445623829,0.0
tcga-55-a493,0.0,0.0,0.0,0.12331620183213415,0.0,0.008260247055239006,0.07671334131329108,0.0,0.0,0.0,0.0,0.08936570044376917,0.02632972774987836,0.03769617975813512,0.043819614216424,0.1363605167246642,0.2255344363610263,0.18617561744457617,0.03714611379304157,0.001965915246016643,0.007316388061804197,0.0
tcga-55-a494,0.0,0.0,0.03798190544164113,0.0,0.0,0.008438467039851337,0.11431519810425965,0.050776185423005396,0.0,0.0,0.05882539897526942,0.11913005054633444,0.0,0.1569125795121917,0.12369922184911392,0.07661941442440424,0.0,0.14176842209071644,0.09700822053626955,0.0,0.01452493605694279,0.0
tcga-55-a4df,0.023393846668012617,0.0,0.0,0.10137988322410077,0.0,0.014078804203926881,0.07393497387577218,0.05791226970095645,0.0,0.0,0.0,0.09685728887456263,0.06732688775508967,0.009104482473558983,0.09171510055117933,0.13808548580011826,0.21014076628188558,0.11607021059083675,0.0,0.0,0.0,0.0
tcga-55-a4dg,0.0,0.03745971254771678,0.0,0.0014299446162945439,0.046168218005541224,0.0,0.0,0.15628536107387958,0.07518666138516415,0.0,0.0,0.031369846548473065,0.042172499973163545,0.004688591107618778,0.06697338717266459,0.20486242943467564,0.10435157711098929,0.03958498935558207,0.13596258237035083,0.0,0.053504199297885906,0.0
tcga-55-a57b,0.0,0.0,0.0,0.0,0.0258956964039238,0.0719780115820308,0.0,0.07207276826121879,0.045804100344989336,0.0,0.0,0.05572508572920592,0.09375317079039103,0.07960979981224925,0.03858351311346875,0.201015938164195,0.09833679564474487,0.0,0.15637283471096797,0.0,0.06085228544261451,0.0
tcga-62-8394,0.0,0.0,0.0,0.0,0.0,0.056009660954223654,0.04598624199053618,0.0,0.0,0.0,0.02501082247545333,0.17058620766159205,0.09279149596352967,0.0024544801332593317,0.10878097861759471,0.15870707725343383,0.06701620299543268,0.2202865733187818,0.0,0.05237025863616275,0.0,0.0
tcga-62-8395,0.0,0.0,0.03872469361063707,0.04522876443713673,0.0,0.0,0.0,0.13076764657485712,0.0,0.0,0.0,0.011202735363415062,0.03358157499188871,0.13619467088380344,0.10112268706014636,0.23677881362493539,0.11823143049858789,0.10638276667853956,0.00586333422177557,0.0,0.03592088205427721,0.0
tcga-62-8397,0.0,0.0,0.0,0.0015438747053608032,0.0,0.03175104207529439,0.0,0.0,0.0,0.0,0.0,0.0021996168015201074,0.15804377723446658,0.2017475666518582,0.1332908139424081,0.33778276279424585,0.08382262261403343,0.0,0.049817923180812546,0.0,0.0,0.0
tcga-62-8398,0.0,0.0,0.0,0.0,0.02721719160208195,0.0,0.0,0.045779590595472104,0.14312013183806474,0.0,0.0,0.105707232387187,0.0,0.12273570881925726,0.027026120194160633,0.12078368760723292,0.14150619094178796,0.09376187411431058,0.1498749456639205,0.007145118076447418,0.015342208160077019,0.0
tcga-62-8399,0.0,0.0,0.0,0.0,0.0,0.0,0.03370480704241243,0.04283459978548355,0.06939531261582187,0.0,0.029584082163908183,0.07404300812794111,0.14001139888800526,0.08531155899443885,0.12458818198900265,0.10329034192797254,0.09315756869605436,0.07485626673347179,0.1282832169123121,0.0,0.0009396561231753303,0.0
tcga-62-8402,0.0,0.0,0.0,0.03115671825917837,0.0,0.0,0.1153401552568886,0.03875881310417499,0.027656550250280684,0.0,0.12152302334328076,0.1315775963975414,0.03573008131450275,0.0,0.1254720246825222,0.15354887348934035,0.13613948490249178,0.007195550901071014,0.07590112809872711,0.0,0.0,0.0
tcga-62-a46o,0.0,0.012564809449013075,0.0,0.0,0.0,0.05375721342172971,0.0,0.21443837770201377,0.06260671703435361,0.0,0.0,0.13966228423121124,0.049084843462997046,0.08343393654584433,0.0,0.09234328298110084,0.14508526320641832,0.08378708766063814,0.05386761326910011,0.0,0.009368571035579828,0.0
tcga-62-a46p,0.0,0.0,0.0,0.0,0.034476015864576444,0.07296274667028219,0.0,0.0,0.05698931852503832,0.0,0.0,0.111406691681699,0.06807841758837399,0.0390577050364958,0.11392089216249053,0.06295593833384362,0.1803094268171922,0.011608119827245375,0.09698038236311085,0.044169277036563884,0.1070850680930878,0.0
tcga-62-a46r,0.0,0.0,0.0,0.0564843708312003,0.0,0.07002796974751038,0.052221072862846635,0.0,0.0,0.0,0.0,0.0,0.0997566953421746,0.1599361100701747,0.07807233181592589,0.2040613263717727,0.03152342353088341,0.09290801358834214,0.07826829860874257,0.0,0.05481253890829998,0.021927848322126662
tcga-62-a46s,0.0,0.0464872876065454,0.0,0.0,0.05553463465045925,0.07613595150300556,0.0,0.016926167458187643,0.0,0.0,0.0,0.1169301602068687,0.11001607476924813,0.0,0.1018467581645214,0.13130608106396774,0.17353847681991588,0.06161310413704772,0.06627193739829053,0.043393366221942085,0.0,0.0
tcga-62-a46u,0.07654498262967815,0.0,0.0,0.10203175862551063,0.0,0.0,0.12695841269424077,0.009549509942973997,0.042483555124541196,0.0,0.020118306603922796,0.013457788330856554,0.08464898735034802,0.058560876369052876,0.11127100750084272,0.0711183612079251,0.15361894484616176,0.06601328896711105,0.03928644151434033,0.024337778292493978,0.0,0.0
tcga-62-a46v,0.0,0.0,0.0,0.0,0.0029648572887493955,0.0,0.0,0.0,0.14255976033229398,0.0,0.03349373910865541,0.009122576023527895,0.055404265604745276,0.1523975874542316,0.0991293228385348,0.1641489496078031,0.18529505557546871,0.01983819945103601,0.12240066241006323,0.013245024304890551,0.0,0.0
tcga-62-a46y,0.0,0.0,0.0,0.08497761702350265,0.0,0.05521076559961921,0.0,0.0,0.017162605532583215,0.0,0.0,0.017691071444481114,0.09707367831978879,0.0,0.13450536126873203,0.1839808446825001,0.18344431400118397,0.019893142841618684,0.10468661148348599,0.0,0.0685604677230145,0.032813520079489754
tcga-62-a470,0.0,0.05073281940680326,0.0,0.0,0.0,0.008903249799494412,0.0,0.05626276442680201,0.031200332303728644,0.0,0.0,0.16550226283816036,0.08974835902550819,0.12326326435549356,0.0,0.18484309097333465,0.0950642551674829,0.11857967475370697,0.07589992694948504,0.0,0.0,0.0
tcga-62-a471,0.0,0.015504202327139043,0.0,0.0,0.040467829897200935,0.08281198132647882,0.07791211148092006,0.07302289771904831,0.0,0.0,0.0,0.20019274899532274,0.012434686823585436,0.037616477175043864,0.0,0.12893794384999646,0.09197525375538353,0.131135835449777,0.10693412223795554,0.0010539089621483125,0.0,0.0
tcga-62-a472,0.0,0.0,0.0,0.053003772997964806,0.0,0.03629445102129175,0.1056155204191079,0.009821322640314677,0.0,0.0,0.05170134577546364,0.04609914216762067,0.05244614301730137,0.06826435433217991,0.11657503812965868,0.20817617940925892,0.15793367706222594,0.06186513479912344,0.02257636626892403,0.009627551959564292,0.0,0.0
tcga-64-1676,0.0,0.0,0.020953725783600028,0.0,0.03473014666125095,0.0,0.09883072246522269,0.0,0.018092200577185507,0.0,0.0,0.0299962851494923,0.05464886748061889,0.10835045111778763,0.11046422887303402,0.09684170575218078,0.13540405052262877,0.06331978341354497,0.09448069403647007,0.11162728648639914,0.0,0.022259851680584433
tcga-64-1677,0.0,0.0,0.0,0.0,0.0,0.08277398131982044,0.05727913672423913,0.08071854467397398,0.0,0.0,0.0,0.11028118011317561,0.047684123620507425,0.0,0.11887963814978741,0.03155080268748467,0.20600278487667062,0.12782592053981898,0.11580645606469435,0.0,0.021197431229827333,0.0
tcga-64-1678,0.0,0.0,0.0,0.08882614885772536,0.08063549569743315,0.003092104994571393,0.08907067867092834,0.0,0.0,0.0,0.0,0.11488853791653261,0.07617753874352863,0.0,0.015290720554292066,0.036777658026772686,0.21176982593001095,0.13022181009314382,0.12185615220431593,0.031393328310745025,0.0,0.0
tcga-64-1679,0.0,0.06733575766223382,0.0,0.0,0.0,0.0,0.0,0.0,0.04524890254492613,0.0,0.0,0.12916948699884684,0.03218041861443034,0.19581263144088637,0.0,0.20368869588472702,0.06283605192780577,0.18835223184399508,0.07066189282517171,0.00471393025697678,0.0,0.0
tcga-64-1680,0.0,0.0,0.0,0.020765908475203636,0.047943289493317304,0.06987489006292602,0.0,0.03436916819908682,0.004632665285921783,0.0,0.0,0.09624965830887154,0.03489394501523064,0.029897990176233784,0.07214772324090626,0.20412149704572632,0.09493852089028114,0.08071569391565103,0.08111442626948892,0.05728750378394145,0.07104711983721335,0.0
tcga-64-1681,0.08621849930792297,0.024761101638562433,0.0,0.0,0.0,0.09328298929548712,0.05293694242671666,0.0,0.0,0.0,0.0,0.03559738230271015,0.1274352350667197,0.0,0.11103494671533425,0.30672663526400473,0.0,0.1198816593792822,0.012434045110289633,0.0,0.029690563492970064,0.0
tcga-64-5774,0.0,0.05620430897518772,0.0,0.017044009335075674,0.0,0.0,0.06500023576754463,0.001487532416327254,0.0070900595097349185,0.0,0.0,0.2418233893746768,0.0,0.08522946806601978,0.03746852824809951,0.20282373291663192,0.12023887634649749,0.0477921386263803,0.11779772041782402,0.0,0.0,0.0
tcga-64-5775,0.0,0.0,0.0,0.0,0.0,0.0,0.03437751527610264,0.005160431163562535,0.07351823355259605,0.0,0.0,0.05088030812214911,0.0,0.12709180670509815,0.013540240567078829,0.1652678919379915,0.21206687751799347,0.151738668219084,0.12425559557169154,0.0,0.04210243136665218,0.0
tcga-64-5778,0.0,0.0,0.0,0.0037737083893904463,0.05812598487011618,0.048255601827852525,0.08784447604734541,0.03072438954922344,0.0,0.0,0.009878194579412016,0.09013152935524085,0.02995557006004772,0.0,0.09672756010295029,0.21339128627244647,0.13064474582019606,0.07574402371278022,0.07928798828173746,0.0,0.012883705097542891,0.03263123603371801
tcga-64-5779,0.027529835121826208,0.0,0.0,0.0,0.10825022336283202,0.04955054269049919,0.10342288637991436,0.10638860084775824,0.0,0.0,0.0,0.042137202129473667,0.0,0.07542162880561754,0.03910102228504482,0.12658102241705482,0.07936269458250324,0.06764484661215993,0.16716802682422388,0.0,0.007441467941092084,0.0
tcga-64-5781,0.0,0.004431893467910836,0.0,0.1144179236436013,0.0,0.06311681356177049,0.11446518775117077,0.07878941463413984,0.0,0.0,0.0,0.05722826991257818,0.01215830674750521,0.11944353531534899,0.0,0.10712899428814966,0.0970837186640197,0.076327594903003,0.13077855762627683,0.024629789484525162,0.0,0.0
tcga-64-5815,0.0,0.0,0.0,0.04663800916960627,0.03422117767968424,0.0,0.014657844184354623,0.0,0.04283143559376357,0.0,0.0,0.011718692734534523,0.04701738437357772,0.15158391732064233,0.09380445346819102,0.12295475269414946,0.18655971373212507,0.09377704936623243,0.15423556968313876,0.0,0.0,0.0
tcga-67-3770,0.0,0.0,0.0,0.047010083150858945,0.10997333738175663,0.10500696053479734,0.0,0.0,0.0,0.0,0.0,0.0040415511175648546,0.0890689567111802,0.10382073030371926,0.06008408337050382,0.13416474459771852,0.1343250529268021,0.034577511555880805,0.09191743233072715,0.06560865032945032,0.0,0.02040090568904007
tcga-67-3771,0.0,0.05602672435732313,0.0,0.04961995232502338,0.0,0.0,0.04494425876491719,0.0687333058049584,0.04758123066804002,0.0,0.027640899509914156,0.0,0.08813089261828445,0.08471470818715683,0.11313347190978665,0.09233163730451444,0.12939396814924292,0.09816051576115872,0.05032302579488713,0.04926540884479256,0.0,0.0
tcga-67-3772,0.0,0.009761537417799225,0.0,0.0,0.03393527132991357,0.022833664820459145,0.0,0.061456761480988734,0.03715274067840174,0.0,0.004221859616841294,0.07240498613798538,0.06677087592344369,0.11977129667358527,0.02948355181231074,0.12968121567243057,0.0757506157508392,0.19257398377472615,0.14420163891027526,0.0,0.0,0.0
tcga-67-3773,0.0,0.0,0.0,0.07020127630025183,0.0,0.04101913291612313,0.013851271499559554,0.03757363610937064,0.030724306959260716,0.0,0.0,0.04599832947876435,0.1943628872729674,0.0,0.14169192114268594,0.10007419118204086,0.1533604937687982,0.009726317699648568,0.11131332913899941,0.0,0.05010290653152938,0.0
tcga-67-3774,0.0,0.0009360556698445213,0.0,0.0011460540590296513,0.12288529206927984,0.0,0.06477774474557363,0.009472355449338908,0.0,0.0,0.06335942580232183,0.03426846154924322,0.0253123229266315,0.005349076870564979,0.22396300250852974,0.050262692229885546,0.20172310651899059,0.11426899706141189,0.05663635617762824,0.0018406374276049467,0.02379841893412097,0.0
tcga-67-4679,0.0,0.0,0.0,0.11646551278400856,0.0,0.09216924158552581,0.0,0.011582670722245603,0.0,0.0,0.0,0.0,0.08908377331506964,0.07986830762608509,0.07762687169030194,0.25401582661646904,0.16166230796989578,0.0,0.039231164511367524,0.04032883660925073,0.012687458578218272,0.025278027991562004
tcga-67-6215,0.0,0.0,0.0,0.04562412843412555,0.0,0.027956129705776895,0.0,0.08647631645049979,0.0,0.0,0.0,0.11120846814236178,0.09508926660929953,0.11322581724890599,0.14444408680337256,0.13989053362493212,0.09720602029344066,0.018441048404752445,0.011652124742418134,0.08940102690494367,0.019385032635170874,0.0
tcga-67-6216,0.0,0.0,0.0,0.0,0.032615311604639145,0.09570706855009395,0.0,0.02668838924328685,0.021543241090144234,0.0,0.0,0.04672545638963594,0.11889033066287091,0.008754616290494155,0.08680582125188997,0.2252276690575258,0.20247677730746957,0.003749039999004901,0.07024058686056572,0.0,0.06057569169237881,0.0
tcga-67-6217,0.0,0.0,0.0,0.020002741486793915,0.13711553092621281,0.09631097853128442,0.0,0.050774787796308105,0.0,0.0,0.004265394314575705,0.056123776425217084,0.09006153336214406,0.0,0.13447280618372687,0.2014980870169137,0.12207581750603241,0.0,0.014521446515448694,0.0,0.0727770999353422,0.0
tcga-69-7760,0.0,0.0,0.0,0.0,0.0,0.1353562523118684,0.0,0.060130850787595544,0.0,0.0,0.0,0.11511176987389983,0.11975390826716953,0.00233213090985385,0.11383689983910036,0.04648949329235478,0.19065072281333265,0.057843595045121536,0.04562601816907876,0.06475470171392154,0.04811365697670322,0.0
tcga-69-7761,0.0,0.05976021867885614,0.0,0.0032279945799396493,0.009964083669117656,0.0,0.06092117089151871,0.09262382839962097,0.0035443878398481133,0.0,0.0,0.08451839781515026,0.06012793443389701,0.04697999900565969,0.10170515367139965,0.12473209492986682,0.07382200973174233,0.15189703117404754,0.1261756951793355,0.0,0.0,0.0
tcga-69-7763,0.0,0.0,0.0,0.0,0.02525004117364864,0.0,0.0024838524497218665,0.10626461915167788,0.03316332223697082,0.0,0.0,0.05543917195468288,0.09822574419916026,0.08079118910991936,0.02783349991833923,0.19681120032048924,0.1090897376961694,0.04285138411341765,0.1623315431548821,0.0,0.05946469452092065,0.0
tcga-69-7764,0.0,0.11246729733128984,0.0,0.0,0.03924924459891365,0.1119889264842481,0.016996650500779278,0.14632471261906682,0.0,0.0,0.0,0.03559411213310831,0.03879521826290481,0.0,0.05559191932139707,0.15090558109895177,0.12749024684726382,0.08529277705824716,0.07304768115509055,0.0,0.006255632588738836,0.0
tcga-69-7765,0.0,0.019785316582237984,0.0,0.0,0.0,0.07604207085343798,0.06565383161227402,0.018475804722173566,0.024375631518754545,0.0,0.0,0.10076795433520631,0.09617996715162219,0.026920724854126547,0.07431450297452616,0.19369812418004345,0.0835940829397978,0.07682181310667086,0.09964320686193408,0.0,0.04372696830719471,0.0
tcga-69-7973,0.0,0.0,0.0,0.1069677074094172,0.10915038967322413,0.0,0.0,0.0,0.0,0.0,0.0,0.0516975116225549,0.11000003236443381,0.020447264460191225,0.07101425348738466,0.2630855458614908,0.06829504046915755,0.12725930700543564,0.01899125211929473,0.05309169552741537,0.0,0.0
tcga-69-7974,0.0,0.0,0.0,0.05952332595788241,0.0,0.0,0.0,0.053711702876459995,0.06851984602727383,0.0,0.0,0.1139435458564085,0.015266400437759774,0.10787383701061772,0.0,0.14595129258027945,0.14715184074918564,0.11413515958641726,0.08879934846661199,0.0,0.08512370045110354,0.0
tcga-69-7978,0.0,0.0,0.0,0.10047746096889189,0.0,0.0,0.04482852315479982,0.03760096030634426,0.0,0.0,0.0,0.07334843263724473,0.049527509773367756,0.06141342944438544,0.04228439237249107,0.14077170451106327,0.19606831217383577,0.076605935548862,0.14624074738960088,0.0,0.030832591719113116,0.0
tcga-69-7979,0.0,0.0,0.0,0.15844722182858884,0.0,0.0,0.07255066531480885,0.11008677071465565,0.007521625763505505,0.0,0.0,0.006799016496344023,0.02339327549958876,0.002159051725811578,0.06157592831910312,0.18934802031154002,0.11413816603927619,0.0849950800036612,0.16898517798311627,0.0,0.0,0.0
tcga-69-7980,0.0,0.0,0.0,0.02787049663448852,0.0,0.0,0.020187265789851593,0.11171986129607683,0.02522971911889598,0.0,0.0,0.06402363604343773,0.03546104263311046,0.0,0.13726393104948725,0.16859166511150472,0.1914058978229866,0.01501914796648845,0.1771860602365551,0.0,0.02604127629711677,0.0
tcga-69-8253,0.0,0.051180795645266446,0.0,0.03598758131875043,0.020889309717648474,0.05586174990599551,0.0,0.07871526681013818,0.0055582975389855864,0.0,0.0,0.06759751890721927,0.049633607164266624,0.12258599502634288,0.04132663279032221,0.16982997759922694,0.08933749721424918,0.04818790090429893,0.09801501329809094,0.0,0.06529285615919839,0.0
tcga-69-8254,0.0,0.05513852786404687,0.0,0.0,0.0,0.04026790526202677,0.017402478327432646,0.06074733604458907,0.065320812970718,0.0,0.0,0.12261720192094792,0.005203939629050002,0.05706880239911206,0.08632085847298651,0.20637059828711354,0.07022051587428285,0.20128402824609015,0.0120369947016036,0.0,0.0,0.0
tcga-69-8255,0.012561603756431701,0.051823072824506954,0.0,0.0,0.07891626397676618,0.0,0.14622724934269257,0.058088756318348915,0.07481271793476107,0.0,0.0205619898231798,0.0,0.006783053026824066,0.14537476264556484,0.07988570810804124,0.0911643680708519,0.049923529017572923,0.028408899928080055,0.14674632409274727,0.00872170113363072,0.0,0.0
tcga-69-8453,0.0217358311822967,0.0,0.0,0.07816688150498335,0.0,0.0,0.04512104489944453,0.03912987008477188,0.07076116479538977,0.0,0.0,0.0,0.11225498084545164,0.04675342447910039,0.0916222703946333,0.10820328944679122,0.14953021108950082,0.07018470430052372,0.09108137922100999,0.02202783602980209,0.0,0.05342711172630055
tcga-69-a59k,0.035624426469718175,0.0,0.0,0.10614425385288748,0.0,0.0,0.13196322667487392,0.031301085250177725,0.0,0.0,0.020628539288355494,0.0043371832961517365,0.0,0.13881303864311578,0.0028834363133391308,0.29177612780724244,0.10058080544518391,0.04902806575841325,0.0520705263185952,0.0,0.034849284881945754,0.0
tcga-71-6725,0.0,0.002194680781641279,0.0,0.06040420694249852,0.0,0.0,0.0,0.07589760551398628,0.04806155211616878,0.0,0.0,0.08748246527800724,0.0687162689036133,0.13539149768205827,0.079697538371265,0.13321964355791124,0.12326745422770648,0.07796916529038188,0.06262763770557424,0.045070283629187476,0.0,0.0
tcga-71-8520,0.0,0.0,0.022826230780371173,0.0,0.0,0.0,0.010542829341511505,0.0,0.11658027254433488,0.0,0.005360855012264065,0.06694884546742069,0.1903519885799822,0.07388782515676434,0.03578038710788134,0.17695830616764668,0.11731902789753343,0.04681262700491839,0.13663080493937133,0.0,0.0,0.0
tcga-73-4658,0.0,0.02292623357027014,0.0,0.0,0.0,0.019360760941387285,0.03419882958176116,0.0,0.0,0.0,0.0,0.11944122194248621,0.06648460426651125,0.06962920181323717,0.049724571176504966,0.15440211206957866,0.17885582913078646,0.0808102726703409,0.16028883035922664,0.0,0.04387753247790905,0.0
tcga-73-4659,0.0,0.0,0.0,0.011174909620347822,0.0,0.0,0.0,0.0,0.04209187600198098,0.0,0.0,0.10539438608749746,0.06755304322040252,0.2772474534308309,0.04228049288415054,0.1961147921171116,0.09936228583655882,0.0,0.1458918894361056,0.01068325453442828,0.002205616830585498,0.0
tcga-73-4662,0.02503951799337823,0.010883990527679764,0.0,0.09779689872459069,0.05184322959713437,0.0,0.07300440694958261,0.02587274171834996,0.0,0.0,0.0,0.010375140232005267,0.020150513464700127,0.13208076596484727,0.11444731760967657,0.23355979163654428,0.00046997114816861325,0.08685498817833302,0.10110658101163923,0.0,0.016514145243369988,0.0
tcga-73-4666,0.0017785681557351048,0.0,0.0,0.19144647386444136,0.0,0.0,0.11764014403142355,0.0,0.007574621476024619,0.0,0.03946767728426072,0.0,0.038005214031788574,0.09703465754941101,0.06538535076947742,0.06499954226354343,0.1213284336892094,0.1248294275436883,0.1261042286909092,0.0,0.0,0.004405660650087164
tcga-73-4668,0.02409318432719032,0.0,0.0,0.0,0.0,0.0,0.16840608696161627,0.09647119112444774,0.02162526922074441,0.0,0.0,0.0,0.0,0.18464927814303464,0.0657083463434213,0.10809327631391713,0.0039909873209728955,0.047626390628580074,0.1829703735197106,0.0,0.012366827833965475,0.08399878826239915
tcga-73-4670,0.0,0.0,0.0,0.05218133832837375,0.0,0.0,0.0,0.0776767180591762,0.052566628514781444,0.0,0.0,0.11605645668345771,0.005544260581500503,0.11529002986095319,0.01986119408033317,0.14638552534253307,0.07656976666822195,0.10259145279856763,0.1778233310027992,0.0,0.05745329807930214,0.0
tcga-73-4675,0.0,0.0,0.12412915911682074,0.005231955450247159,0.011781095883201649,0.0,0.0,0.0,0.0,0.0,0.0028297383488515306,0.0,0.08891546956574288,0.03829092933547238,0.0945618249933705,0.09981170400480494,0.2025156551032074,0.1661593109857352,0.04055794263221849,0.11515718942954445,0.010058025150782735,0.0
tcga-73-4676,0.0,0.0,0.0,0.07029760583865258,0.025854310638027723,0.0,0.028655304716335744,0.0,0.03009638615502399,0.0,0.0,0.0,0.0843051342694019,0.117826331751117,0.11647604845237745,0.03576375680564204,0.07491286791078783,0.11703221319355415,0.12757958513732662,0.17120045513175303,0.0,0.0
tcga-73-4677,0.0,0.029485797249631702,0.0,0.02471368600669776,0.06360944398124938,0.08346591980268339,0.0,0.006245890330078252,0.0,0.0,0.0,0.08448333109596158,0.03753339455367071,0.06359870929541013,0.11168731156251889,0.10747862140183258,0.1106970841030805,0.09495135145191279,0.13710289264925618,0.03314609996736226,0.011800466548653925,0.0
tcga-73-7498,0.0,0.0,0.0,0.009721957314576176,0.08009555050473798,0.04157577616241202,0.017224037407413385,0.04973599583329309,0.0,0.0,0.0,0.061829838505278845,0.0937370963915959,0.0,0.1296071441577881,0.29912479347951637,0.003570873019395698,0.046994990185431074,0.15653952264814222,0.0,0.01024242439041907,0.0
tcga-73-7499,0.0,0.02751373049377718,0.0,0.10363145921833565,0.0,0.0,0.11297982800719246,0.06245640491685706,0.025988686904935564,0.0,0.03505001753061368,0.0,0.002813171982986191,0.07162337938801305,0.0,0.08705031408240349,0.13073693592712884,0.14909675470884243,0.11053778045764986,0.04147105159923778,0.039050484782026926,0.0
tcga-73-a9rs,0.0,0.013287851684038777,0.0,0.0,0.0,0.08973784846455599,0.011427121994208285,0.12581274106287546,0.06926125313705808,0.0,0.0,0.09599764916606568,0.07305037553402569,0.05684172797883971,0.04691509888788424,0.08168833341534218,0.07040304564532558,0.06802270943067258,0.1736743767210799,0.006466734865458022,0.017413132012569874,0.0
tcga-78-7143,0.0,0.03368292866872264,0.0,0.0,0.0,0.06476728382444547,0.06843140264330079,0.083551544822255,0.0,0.0,0.0,0.00658302909608681,0.09279382182539735,0.06935450006205873,0.18067709398984946,0.24038089082019312,0.0,0.0,0.15977750424769063,0.0,0.0,0.0
tcga-78-7145,0.0,0.0,0.0,0.058974470023995286,0.0,0.0,0.0,0.0,0.0,0.0,0.0,0.06368828031879425,0.09339682056130509,0.14354016806472902,0.15143185822277733,0.07983329058323628,0.1788081487611937,0.08174492590889175,0.07373588202812965,0.07484615552694766,0.0,0.0
tcga-78-7146,0.0,0.0,0.0,0.0929111608709734,0.0,0.0,0.022859383427554916,0.05213802916727365,0.013056218357291103,0.0,0.0,0.06457279933564021,0.07065144182659436,0.23469983656780943,0.0,0.1607067730783402,0.05071691835687113,0.09813989902626036,0.13954753998539127,0.0,0.0,0.0
tcga-78-7147,0.0,0.020581954825147044,0.0,0.0,0.0,0.018699162030149943,0.10000610333029109,0.0735387131700172,0.026557065014290754,0.0,0.0,0.08300531359677314,0.12590667643920533,0.0,0.05742059339105071,0.21097252531529753,0.10869492364299374,0.00729351440921402,0.1484641470846849,0.0,0.018859307750884548,0.0
tcga-78-7148,0.0,0.01621821878570976,0.0,0.0,0.03225446522053656,0.01232557936751171,0.0,0.013275039406335051,0.06261549908373862,0.0,0.0,0.1917919847753669,0.06877611236130882,0.011568092606842927,0.055130787048301065,0.1618198708500173,0.10713374128198513,0.12212815558099106,0.07857761071413542,0.055052720712106054,0.011332122205113577,0.0
tcga-78-7149,0.0,0.0,0.0,0.018912337617177852,0.0012939867808250815,0.018267370918934458,0.0,0.08621481215442268,0.0,0.0,0.0,0.08764083868021347,0.08919289689161994,0.0,0.08116194971904282,0.06399171299843852,0.20083352247692612,0.12801942762117544,0.1884168006606129,0.0,0.03605434348061071,0.0
tcga-78-7150,0.0,0.0,0.0,0.0,0.0,0.055080046533055614,0.0,0.13608253533672054,0.05369595072775358,0.0,0.04641641009193071,0.1159041021876832,0.05123299743835281,0.1170687213491416,0.017680972804389357,0.11210676013831866,0.0,0.18365962652408288,0.09419515705903916,0.01687671980953188,0.0,0.0
tcga-78-7152,0.0,0.0,0.0,0.09089239834163917,0.01131976040891744,0.07665904230584028,0.0540512030869932,0.11725486642784949,0.0,0.0,0.0,0.007722175077714826,0.03844417302577468,0.12948338290986644,0.13696408267515356,0.09540719314797633,0.03406188550446557,0.06700935527994926,0.09363340280904132,0.0,0.0470970789988184,0.0
tcga-78-7153,0.0,0.0,0.0,0.0,0.14836097878777474,0.0,0.0,0.10009404882812356,0.0,0.0,0.0,0.14049404756823927,0.11348741607374394,0.04818957206695579,0.08294559162585656,0.11753494387768866,0.09378926191220431,0.08948167627340911,0.016128701158639194,0.049493761827364854,0.0,0.0
tcga-78-7154,0.0,0.047642928354359994,0.0,0.05767638557066714,0.0,0.0,0.04159421695254441,0.03424884554450388,0.02815876006123169,0.0,0.0,0.09878861898956892,0.0837684505455584,0.08629742642713072,0.045100754918261016,0.14088218080122494,0.09380322502900608,0.08792019633112172,0.15411801047482104,0.0,0.0,0.0
tcga-78-7155,0.03312329833504948,0.0,0.021356502597272946,0.128421811519951,0.0,0.0,0.07520433860967114,0.08910742150289139,0.0,0.0,0.11365030563484493,0.0,0.0,0.1180357650059503,0.08685629199714187,0.13827123502855862,0.0584385726519175,0.037201110949552106,0.07674426864705144,0.0,0.02358907752014727,0.0
tcga-78-7156,0.0,0.0,0.0,0.0,0.050861945493584075,0.09373416755485078,0.0,0.12128642814435592,0.0047745747162223125,0.0,0.037642106616307354,0.033213096263266725,0.08773229508804792,0.0,0.11717802744619372,0.12727522798306387,0.11775896986154052,0.0,0.18339399472090412,0.0,0.025149166111662687,0.0
tcga-78-7158,0.0,0.0,0.0,0.0,0.0404284812425825,0.0,0.04121019950742923,0.0057473915443634616,0.000942669701079123,0.0,0.0,0.10737642870433863,0.03759903976161567,0.23075593521055524,0.06611396907259957,0.2355705418212963,0.05471045505336153,0.06828034829289614,0.10197477909047457,0.00928976099740804,0.0,0.0
tcga-78-7159,0.02092927851641852,0.0,0.03897302276268299,0.024225754432482136,0.021731694034863566,0.004473177161486895,0.03353679805010523,0.001836063984816346,0.0,0.0,0.0,0.1718502970707915,0.10502076069556304,0.0004780002730435896,0.12816154962499351,0.20633314466766767,0.05927642745871771,0.0542175870532107,0.08521129429592529,0.0,0.043745149917231295,0.0
tcga-78-7160,0.026733599797802328,0.0,0.0,0.0,0.07654046908375745,0.0,0.010564957588705745,0.046296403539271565,0.07647958801611551,0.0,0.04581098084768048,0.0284186784672447,0.025695625712284096,0.03579728740336327,0.11504948221080048,0.22475841282325704,0.08174515459998785,0.07503686047415642,0.13107249943557311,0.0,0.0,0.0
tcga-78-7161,0.0,0.03460530032685674,0.0,0.00769165164601122,0.0,0.03679374326618817,0.013800772712930813,0.030671321735873797,0.0,0.0,0.0,0.11475647402185461,0.12799059079241676,0.0,0.15304742636041724,0.1077200322949187,0.19966371701074895,0.05636050131860706,0.0816609940644319,0.0010918050141086172,0.034145669434635435,0.0
tcga-78-7162,0.004204612783239355,0.0,0.0,0.0,0.10327388666247435,0.0023945706941720605,0.05217113807727984,0.10510719434423893,0.0,0.0,0.025879587647188708,0.029835852591262237,0.08206187731155759,0.0,0.17238291450362359,0.0965964147848543,0.1539678066034545,0.036072588626543264,0.11404663431594131,0.0,0.02200492105416998,0.0
tcga-78-7163,0.0,0.0,0.011136176576900837,0.05535272576554715,0.040962740899094546,0.11207201040959297,0.0,0.04474509861674214,0.0,0.0,0.0,0.16988831847536634,0.041186142147562055,0.0,0.08943560407245728,0.07452630745946179,0.1990993393014976,0.14320105018277454,0.018394486093002742,0.0,0.0,0.0
tcga-78-7166,0.0,0.0,0.0,0.0,0.0,0.13022441648857083,0.0,0.09519369611168355,0.006439195784845992,0.0,0.0,0.2204203284732181,0.043419931999715125,0.007154972995626734,0.060485705153273804,0.12812336766620283,0.10087136116563286,0.11404079545931022,0.07636177096763674,0.0,0.016344313759650217,0.0009201439746331143
tcga-78-7167,0.0,0.0,0.0,0.0,0.0,0.08023628032861126,0.020709549059756464,0.13157860221029602,0.0,0.0,0.0,0.07103025328036587,0.07620362872435057,0.0,0.08648714606983517,0.16905612200067666,0.21519952157507094,0.05808741737414806,0.08717710936773827,0.0,0.0,0.00423437000915073
tcga-78-7220,0.0,0.0,0.0,0.017620528291467527,0.004959434103180906,0.0,0.03428127548126622,0.14185976902805028,0.04404886452910216,0.0,0.026604290187629498,0.09607540472281206,0.05758081405080079,0.1198785723040108,0.03330988521222081,0.14555665958327818,0.06815144920381935,0.03433197253179759,0.1757410807705638,0.0,0.0,0.0
tcga-78-7535,0.0,0.0,0.0,0.0,0.0,0.07051509745019591,0.04886945989810841,0.0,0.0,0.0,0.0,0.08590660620063227,0.02374927213322006,0.07964788655546573,0.09012904855312324,0.05275012065712962,0.2303096517554962,0.0,0.1900944577515049,0.0,0.12288502023731318,0.005143378807810455
tcga-78-7536,0.0,0.0,0.0,0.05724761536835421,0.0,0.0,0.09933259896782091,0.027341508685880846,0.0,0.0,0.0,0.15164592242378777,0.10135292328664053,0.002619768019939583,0.09162180500254902,0.22157376855831892,0.06528157156871142,0.07627404667821966,0.1057084714397772,0.0,0.0,0.0
tcga-78-7537,0.0,0.0,3.108040662921687e-05,0.0,0.0,0.09550771111407577,0.0,0.0652157694503818,0.0,0.0,0.0,0.1727615482182573,0.05335542631266569,0.0,0.08121533827432996,0.14635451816817285,0.13829404478689505,0.09063104519499961,0.10469883006225025,0.0,0.05193468801134251,0.0
tcga-78-7539,0.0,0.0,0.0,0.060703278091184296,0.0,0.0,0.13258505975670024,0.06750059789591865,0.0,0.0,0.0,0.04630622005726661,0.12993094998741286,0.0,0.13554683396773218,0.1501358166327631,0.13291937239234455,0.04541305115136475,0.08135966455025928,0.0,0.0,0.01759915551705348
tcga-78-7540,0.0,0.0,0.0,0.0,0.0,0.06702879541009785,0.03454637626728558,0.06252980221391123,0.0,0.0,0.0,0.03664513225365697,0.16517256940132105,0.11402993487291523,0.0,0.11822168985760043,0.1819120040326812,0.10459189604423183,0.055236085351317604,0.0,0.019039004675166442,0.04104670961981447
tcga-78-7542,0.0,0.0,0.0,0.13039797754768936,0.03450059786023396,0.0,0.0,0.08606530062616252,0.03306826571688388,0.0,0.0,0.06845423852782631,0.0649122613243159,0.08996792120161395,0.0,0.10807010504086939,0.08578205900619133,0.13093435551319227,0.05482084153998447,0.06512856359500947,0.047897512500027134,0.0
tcga-78-7633,0.0,0.0007740237783651545,0.0,0.0,0.0,0.014595878051339991,0.002966833904433475,0.00784871511883849,0.0,0.0,0.0,0.16811045070300482,0.009137590861371728,0.058400947832385884,0.1754520674636008,0.23912556974475044,0.09503778175075757,0.03941565624359785,0.17132635772910088,0.0,0.017808126818452917,0.0
tcga-78-8640,0.0,0.0,0.0,0.05964580945959673,0.0,0.0,0.04858283962785559,0.03603282027119827,0.07285369784547614,0.0,0.05103550601478323,0.08139499491132028,0.10804438450285073,0.11516773797633813,0.06623688816219174,0.07062997410857952,0.1488727826597542,0.0915984407324972,0.04990412372755822,0.0,0.0,0.0
tcga-78-8648,0.0,0.0,0.0,0.07997076838483613,0.028514339883105224,0.0,0.025022559602962235,0.015586590594122887,0.09050057693986814,0.0,0.0,0.058971428842279,0.019879491064471375,0.17650130795103752,0.016096003293029734,0.089613693757675,0.11949686120893988,0.08549721132686362,0.1591290870979411,0.0,0.03522008005286815,0.0
tcga-78-8655,0.0,0.0,0.0,0.01709546660180117,0.0,0.03605523488725594,0.0,0.07499534792979927,0.02596383093122686,0.0,0.0,0.11209756923565337,0.056644679543178124,0.06915191589977027,0.14120578590832703,0.16423410185258158,0.09286081496836086,0.08523937954187524,0.05652924330119373,0.031322163414203914,0.03660446598477262,0.0
tcga-78-8660,0.0,0.006841205007129202,0.0,0.04093894502720994,0.04272906744585861,0.022112897858241536,0.11227189362849961,0.0,0.0,0.0,0.0,0.12242648120069603,0.023453844413604635,0.026139198265177157,0.09741229226247412,0.13145247934711426,0.17832987009761844,0.08812645870502223,0.0997641282785258,0.0,0.008001238462828414,0.0
tcga-78-8662,0.0,0.0,0.0,0.0,0.0,0.0,0.0742350181151551,0.08436768008823856,0.04422127955536864,0.0,0.0,0.04020955341110597,0.0,0.08463726056783936,0.08893163763609577,0.14520983907569332,0.15080058097756444,0.0409356637053913,0.0921277612238799,0.0370527902823324,0.021769113486769895,0.09550182187456534
tcga-83-5908,0.0,0.013026857157275713,0.0,0.0794166799824579,0.007659862042342653,0.0,0.15576231995669845,0.06200235666580489,0.0,0.0,0.038454040715507586,0.07887565444935808,0.05504108930395126,0.015112073448474305,0.00559436897268741,0.13589119649849166,0.19453232348457308,0.024039288270082632,0.08570821760148786,0.04888367145080655,0.0,0.0
tcga-86-7701,0.06927986946102438,0.004816334939082759,0.0,0.040966269941330555,0.0,0.030617540276377826,0.11144589218686742,0.07606960164087165,0.035534609905404003,0.0,0.009989803622672738,0.044419156354309715,0.03694759042319024,0.0,0.15069704472746992,0.09210983245556822,0.10307857757333459,0.05894925210863098,0.10667430014451795,0.0,0.028404324239347047,0.0
tcga-86-7711,0.0,0.0,0.0,0.01090427662959183,0.0,0.06381705516958083,0.14829150950549227,0.0,0.010243724439786765,0.0,0.02027655175925955,0.09422239401000537,0.0,0.2730953918061362,0.012420637385576588,0.0,0.08946040018668924,0.12085928491668618,0.10497606319693557,0.05143271099425957,0.0,0.0
tcga-86-7713,0.0,0.03098847505511226,0.0,0.0,0.0,0.0,0.0,0.08586726490934651,0.038191301918332324,0.0,0.0,0.07404297384587226,0.0,0.013577588839767287,0.1413139259404631,0.2512339483674707,0.06873348574975309,0.16481101923152036,0.1264043927614927,0.0,0.004835623380869397,0.0
tcga-86-7953,0.0,0.062080323474435456,0.0,0.0,0.0,0.05593653153474908,0.09219005925204207,0.0,0.01168905362804326,0.0,0.0,0.08760469668353262,0.06057632700015567,0.2137087813616193,0.011686568091685638,0.19564197925510693,0.1403771372022359,0.0035973982783428825,0.06491114423805126,0.0,0.0,0.0
tcga-86-7955,0.0,0.0,0.0,0.004818492860423057,0.0072402810898131685,0.061268743147806635,0.0,0.11740936045966022,0.0,0.0,0.0,0.12854341343544803,0.0529745281796455,0.0,0.008546080089063898,0.19521253706625624,0.09158424446481153,0.16361728884874888,0.10159170662298715,0.0,0.0671933237353357,0.0
tcga-86-8054,0.0,0.0,0.0,0.0,0.08752597850459229,0.0,0.0,0.09104115550157808,0.061465973918278495,0.0,0.07096762497138058,0.010212624187191436,0.07499007461120072,0.006595052849838189,0.1892164207703855,0.18127645166930753,0.05692798792539935,0.0,0.1367085349623081,0.03307212012853973,0.0,0.0
tcga-86-8055,0.0,0.0046565017192006985,0.0,0.0,0.02654515385067736,0.0,0.0,0.023092990340794615,0.06539263918344539,0.0,0.01893624100323022,0.0,0.16683482311169653,0.10290059207907779,0.11951708821520445,0.017821034288025336,0.1467274683091155,0.1340688010715821,0.06013414675964878,0.11337252006830119,0.0,0.0
tcga-86-8073,0.0,0.012879401492011734,0.0,0.06638823928920914,0.0,0.0,0.0,0.06542236479524292,0.04389855798430993,0.0,0.0,0.0,0.02196792628423908,0.14622726637224573,0.08846166189272982,0.21926006703928727,0.045599537996035736,0.03789049996779287,0.17310619722307988,0.0,0.07889827966381589,0.0
tcga-86-8074,0.0,0.00945082493541246,0.0,0.04063215515145481,0.0,0.0,0.0,0.03532966611140569,0.0,0.0,0.0,0.12642940239421302,0.03798424308964542,0.15114181651809752,0.0,0.18799109164160996,0.09899429166618456,0.13743067393550984,0.1255057157831176,0.0024841969651927154,0.04662592180815646,0.0
tcga-86-8075,0.0,0.0,0.0,0.026375236596556193,0.0,0.0,0.0,0.0011740857583097833,0.06235210185097082,0.0,0.0,0.18623951775427636,0.05595655048204961,0.0738190968983593,0.008222975633490002,0.22344135712635077,0.10064891897186938,0.218299644704221,0.03699230502504377,0.0,0.006478209198503127,0.0
tcga-86-8076,0.0,0.0,0.0,0.0,0.03026765155057594,0.11775783916146122,0.029436877049812064,0.09462435772804424,0.0,0.0,0.0,0.05243682102251642,0.08992746332956374,0.06766456843768881,0.06698733236469533,0.120174717511829,0.08231318196385702,0.08644075926258611,0.10050382206012241,0.0,0.0614646085572477,0.0
tcga-86-8278,0.0,0.0,0.0,0.01237740239593498,0.009416109873076332,0.029419056584461128,0.0,0.07369746941064581,0.07814129338004802,0.0,0.0,0.13125063855301314,0.05220099640963601,0.0008396684481581312,0.08847428968121587,0.23319884492259968,0.07099474499825287,0.12003755598141691,0.0627877160549163,0.0,0.03716421330662489,0.0
tcga-86-8279,0.0,0.0,0.0,0.021590066881513395,0.03544288017541484,0.0,0.1068116860284794,0.0,0.043506379107543736,0.0,0.0,0.0,0.07195758275974583,0.0940036858389548,0.12242940651169028,0.05784793318766767,0.14323104456055563,0.04615463238111335,0.1473892057958362,0.05056377730004364,0.05907171947144104,0.0
tcga-86-8280,0.03268542824388234,0.0,0.0,0.061117951633584,0.039225898956084575,0.0,0.024555808166634663,0.09825359666311186,0.03531278461782028,0.0,0.0,0.005470432451490238,0.05685014321031288,0.0,0.12261689143434279,0.18064981072605066,0.10533012218170566,0.10647311734541481,0.08605401568118816,0.0,0.04540399868837709,0.0
tcga-86-8358,0.0,0.0,0.0,0.009399169421796527,0.0633395396144422,0.0,0.1527055516533625,0.002549967063207164,0.0,0.0,0.1596916423732373,0.0,0.0,0.042242600482436624,0.1799970791353213,0.08647722490849728,0.15824101353812042,0.0,0.07532789229619864,0.056309374742071344,0.013718944771308741,0.0
tcga-86-8359,0.0,0.0,0.0,0.03445248368482103,0.024832298762760933,0.14160082074282337,0.00519901340678788,0.0,0.0,0.0,0.0,0.08310290542124185,0.05734170130429285,0.0,0.054662671321419984,0.06308963954958334,0.19893928916557035,0.1659367155096778,0.05137183687618471,0.11947062425483587,0.0,0.0
tcga-86-8585,0.0,0.0,0.0,0.0,0.0,0.0812708307050774,0.06756271607807637,0.0540737441048459,0.006749168778456117,0.0,0.0,0.1462219349439171,0.03145424780472582,0.0,0.04203819211829887,0.12393960576259609,0.15504115201469348,0.11228329302042957,0.10850302441382273,0.0,0.07086209025506054,0.0
tcga-86-8668,0.08876475651096413,0.0,0.0,0.0,0.07409991276717548,0.0,0.035477020875967394,0.08804425768104503,0.0032597657805673507,0.0,0.0,0.039797176492818914,0.07055277188708875,0.13103597566676134,0.13028577174426323,0.17992115595917896,0.0,0.025479320316903118,0.09131602842407766,0.0,0.04196608589318877,0.0
tcga-86-8669,0.0,0.0,0.0,0.027503451096985897,0.0,0.027470415443975306,0.04356581100051729,0.06989616777549823,0.0,0.0,0.0,0.0650430172993094,0.07743123022104713,0.11255200698937637,0.15044834350437053,0.1612185908767327,0.058530053897168186,0.06780335391697867,0.11303639082590133,0.0,0.025501167152138942,0.0
tcga-86-8671,0.026627293348830294,0.011760877556548054,0.0,0.07647540850207005,0.047727865431992395,0.0,0.10646630488693191,0.05784343378081625,0.0,0.0,0.03609696256304833,0.0,0.09148481358790404,0.0,0.1485913434517111,0.11999426259414317,0.13262663171145944,0.06283257388486274,0.03651733208706693,0.0,0.044954896612615286,0.0
tcga-86-8672,0.0,0.0,0.0,0.006820394585109742,0.0,0.0,0.1315200858335396,0.0,0.0,0.0,0.0,0.13869308353469043,0.043431280527213095,0.09279211960273406,0.05066415786880715,0.14018517813357315,0.16536115942981025,0.07546736146297442,0.11044156500721117,0.044623614014336926,0.0,0.0
tcga-86-a456,0.030150875014593532,0.0027739283679303695,0.0,0.0,0.0,0.067206410416022,0.024718783676664254,0.04763701356712231,0.05243231174055622,0.0,0.0,0.07470636564759882,0.10844702560025632,0.03052165619211388,0.001403144648269801,0.24199185224024553,0.15360710843248265,0.012701223991232127,0.09338972244550614,0.0,0.05831257801940607,0.0
tcga-86-a4d0,0.0,0.017465412354304242,0.0,0.060632333088043465,0.0,0.0,0.03874964999769364,0.020325316522659252,0.00329832313088771,0.0,0.0,0.19870257344078074,0.14898441572310117,0.0,0.05816246091758056,0.151427018408457,0.14396830395122576,0.06313408947353297,0.0951501029917335,0.0,0.0,0.0
tcga-86-a4p7,0.0,0.0,0.0,0.14199155175336572,0.0,0.0,0.03263377859470406,0.027613658417645622,0.006134192844874363,0.0,0.0,0.047374095131276925,0.15456678588448766,0.02302420813014467,0.036258876075847046,0.2174776700723232,0.08893311873842995,0.08269990472855693,0.1113024664254024,0.0,0.029989693202941793,0.0
tcga-86-a4p8,0.05372129688777044,0.0,0.0,0.044941411535301755,0.05221061176928139,0.0172161677111368,0.0,0.0,0.08671645240728756,0.0,0.0,0.0,0.10992791851107524,0.0664892864335067,0.09345837733445164,0.15200643244128212,0.10736327498632676,0.009205922152344318,0.18079372324985676,0.0,0.006975975512656476,0.018973149067721937
tcga-91-6828,0.1397502963715531,0.0,0.0,0.041868349832201036,0.0,0.0,0.10383949288519337,0.006570701030636565,0.048327208123226495,0.0,0.0,0.0,0.15120764684803872,0.08911640312979804,0.030994325011793698,0.11585042381536621,0.11308281057578805,0.0827649104076055,0.04582352889221327,0.026232211970450937,0.0,0.004571691106135013
tcga-91-6829,0.051248385921440875,0.0,0.0,0.04978886160618521,0.0,0.0,0.05321448003010329,0.0,0.06850169185663221,0.0,0.0,0.0,0.11693690949809477,0.13241608950440567,0.06646631592174049,0.060774197589320754,0.1469659883907793,0.06552143836339003,0.15110880294850393,0.0,0.0,0.03705683836940357
tcga-91-6830,0.0,0.0,0.0,0.09196147007123741,0.0,0.0,0.011438619309431984,0.09318097580557044,0.0,0.0,0.02692872090384064,0.0,0.06175276818350535,0.10963552455148215,0.04133452538283953,0.16046904857529726,0.12819866596724364,0.04953421353694406,0.20567218879604168,0.0,0.01989327891656579,0.0
tcga-91-6831,0.08507154629712908,0.021048133714985894,0.0,0.04857910910382701,0.0,0.054698866641489485,0.0,0.0,0.011515767272406155,0.0,0.0,0.002433054552913012,0.17107350311169817,0.16012263924082373,0.09155721592946083,0.12172038564065742,0.04338299709636388,0.039873676843232314,0.14560402006698936,0.0,0.0033190844880236596,0.0
tcga-91-6835,0.08762226668772465,0.0,0.0,0.04938023895614442,0.06526067729861161,0.0,0.0,0.02712775824459272,0.0,0.0,0.0,0.0,0.15640858667055435,0.03714678494765236,0.08062585570059766,0.3048392607948608,0.0039057167541344962,0.04993541156898163,0.13774744237614528,0.0,0.0,0.0
tcga-91-6836,0.06057035834225124,0.0,0.0,0.09538855313997678,0.0,0.0,0.009481371330336318,0.0,0.09114027416913112,0.0,0.0,0.0,0.11381188726620729,0.14536286516586822,0.04167472479654713,0.02922913385739397,0.09252495763429276,0.12618638139707075,0.09320810248019695,0.07727481943395971,0.0,0.024146570986767573
tcga-91-6847,0.0023009609849843874,0.0,0.0,0.0,0.0,0.07487208732333557,0.0,0.0,0.0,0.0,0.05230539037561276,0.04607772192044153,0.15222561786679442,0.15932757936292954,0.0524801734968479,0.11065072485581515,0.19140430817137294,0.0012754795741535478,0.10599913200925781,0.0,0.051080824058454447,0.0
tcga-91-6848,0.0,0.0,0.0,0.05718309734128297,0.0,0.0,0.12829596804849885,0.02424260538242759,0.012364834224581183,0.0,0.0,0.04721384438060648,0.0764348254734568,0.11810709498340312,0.01771559365265325,0.14149487285903942,0.16562189203855826,0.05220259604746392,0.1591227755680281,0.0,0.0,0.0
tcga-91-6849,0.12120951028027697,0.0,0.0,0.0,0.03551867295393349,0.04843520628907964,0.027730416927585034,0.042674690104167176,0.02834053063270133,0.0,0.0,0.0,0.15785847207289885,0.06671542329630227,0.02658547055585647,0.055722032402197766,0.1166522251083519,0.06297723611314575,0.13532498061734644,0.0,0.0,0.07425513264615688
tcga-91-7771,0.07908233410091345,0.0,0.0,0.016011933538932696,0.001618989381146515,0.016628123803627964,0.0,0.10250536758280653,0.0,0.0,0.005635215446921561,0.045416370430878296,0.1237530680265321,0.0,0.1694141932252939,0.09946170464154018,0.13259106526070363,0.07162516636808527,0.10697220794331117,0.0,0.029284260249306727,0.0
tcga-91-8496,0.04193493772830826,0.0,0.0,0.11818566680684398,0.0,0.0,0.03759483368792273,0.0,0.07317371968328766,0.0,0.0,0.0,0.10916664885188686,0.12666277053862196,0.09199272561335362,0.12564290818807047,0.14368512414664553,0.0,0.08059294884101474,0.006790921391710724,0.044576794522333485,0.0
tcga-91-8497,0.0,0.09192306483117015,0.0,0.0,0.03890316393135075,0.0340918647984314,0.025172139329009545,0.01521628612678362,0.0,0.0,0.0,0.05133091361048371,0.10287074044498279,0.0,0.1407361402637645,0.2403642571291644,0.08932004213584734,0.05692337683287857,0.11314801056613318,0.0,0.0,0.0
tcga-91-8499,0.0,0.0,0.0,0.006829050741456158,0.02578608645726995,0.0,0.16064216786783975,0.04908865554092886,0.0,0.0,0.1217596460527399,0.014447148401568922,0.10183207019039607,0.05713810394449717,0.06668467939660955,0.06613354126164424,0.18821289982748152,0.0,0.14144595031756793,0.0,0.0,0.0
tcga-91-a4bc,0.021441925453601705,0.0,0.0,0.0,0.053652263781963215,0.035317587252481464,0.1853668722853189,0.06891754078812766,0.0,0.0,0.07558833283699953,0.06282832051264134,0.0,0.0996237103068823,0.11812339248636414,0.04847020915542454,0.07411592381393613,0.038436369407581585,0.06139681411772398,0.0,0.05672073780095336,0.0
tcga-91-a4bd,0.0,0.0,0.0,0.03969396980065456,0.0,0.0,0.018397531427628358,0.0,0.010677911334950193,0.0,0.0,0.07475993211805909,0.10960812157765985,0.039473674833228056,0.1225433689235239,0.13393516166599229,0.1416321027476127,0.02584620114836587,0.174977652566022,0.0,0.026756421202079564,0.08169795065422358
tcga-93-7347,0.009011012392641586,0.0,0.0,0.06688219850280754,0.013794673984246152,0.02534678602492606,0.04708484196561696,0.02509849154609248,0.0,0.0,0.04836978789553891,0.01124603674686636,0.05141352425528366,0.03163228521277012,0.12229303840169449,0.1601502436373064,0.14417870808108982,0.10890114278638044,0.06713156087322582,0.0,0.06746566769351327,0.0
tcga-93-7348,0.0,0.035235854609278014,0.0,0.0,0.0,0.08988610161617548,0.013961027503461029,0.0846231051561168,0.0,0.0,0.0,0.13361523072839174,0.04612951961637618,0.0,0.043498307121148674,0.29442597103065504,0.08004310206638567,0.12825598224481197,0.049830884815544374,0.0,0.0004949134916550109,0.0
tcga-93-8067,0.0,0.0,0.0,0.0,0.0,0.0,0.0,0.011572603634431765,0.09798493110208055,0.0,0.0,0.16044809877727986,0.0,0.05726559355411612,0.008544657810234,0.17707653289535613,0.14573923113050502,0.20826116477283313,0.07285202290623212,0.03453689822736932,0.02571826518956194,0.0
tcga-93-a4jn,0.0,0.03707591295559089,0.0,0.004169897412709981,0.0,0.0,0.01869839665044016,0.12441144717336608,0.0,0.0,0.0,0.13776039118784192,0.06864711397075045,0.012980537937000925,0.07051179220711361,0.2558706954420967,0.05316626953336184,0.12367210770274986,0.09303543782697757,0.0,0.0,0.0
tcga-93-a4jo,0.0015054888848542653,0.0,0.0,0.004611656118701784,0.09772131501468537,0.025569783869875733,0.0038923903640654105,0.09213246599255251,0.05285252423885592,0.0,0.01493792149383676,0.06304841776830865,0.07943638127232489,0.0,0.1432265010104353,0.13641745317337348,0.09241451691987786,0.08539910034625005,0.10683408353200197,0.0,0.0,0.0
tcga-93-a4jp,0.057390410522635125,0.0,0.0,0.023562917023413198,0.0,0.0,0.0,0.08251543263178121,0.04910993800249844,0.0,0.0,0.0,0.07937893931405676,0.16191905461840947,0.07405828397198375,0.2244749876177455,0.008126907032843448,0.033398170135227064,0.17758145018296867,0.0,0.028483508946437443,0.0
tcga-93-a4jq,0.0,0.016940893274042846,0.0,0.07605050572285714,0.0328289957208111,0.060098773790657894,0.11618226974621275,0.04973803956772602,0.0,0.0,0.03473172393061437,0.0,0.07276579638776728,0.0,0.05894334245309516,0.10304855374815147,0.15345008851775505,0.13226888773168136,0.0415807082933577,0.0,0.05137142111526986,0.0
tcga-95-7039,0.0,0.0,0.0,0.0,0.0,0.07255739199915287,0.0,0.08371032986786874,0.03789386325645794,0.0,0.0,0.10107201735005002,0.049328657569965705,0.08539578390502738,0.029686029664648093,0.20598841761769446,0.13291254266584965,0.06808846024871093,0.12089915051125458,0.0,0.012467355343319593,0.0
tcga-95-7043,0.0,0.0,0.0,0.07702471440927867,0.0,0.04215610794412258,0.0,0.11288404777669164,0.0,0.0,0.0,0.012300522254525992,0.032293284826474325,0.02405343362559218,0.06216498400723016,0.20373188636236259,0.06771283419607163,0.14533770882330063,0.1665777008476119,0.0,0.05376277492673769,0.0
tcga-95-7562,0.0,0.0492387887254239,0.0,0.012954419795979031,0.009718712159962402,0.0,0.17571541938223412,0.003202414149296577,0.022949032791562633,0.0,0.027141735576907817,0.033669848160693946,0.014018126882680775,0.04286135283371447,0.14763619005402456,0.18527221381880682,0.05653971136225863,0.08926245110726772,0.12981958319918663,0.0,0.0,0.0
tcga-95-7567,0.0,0.0,0.0,0.10539952679680914,0.0,0.0,0.0534630518003675,0.07653781119164516,0.025173719049096367,0.0,0.0,0.03048909006722292,0.0028724091004656525,0.028992592135890193,0.11794516891978424,0.11221044233692506,0.17196397605079927,0.10166892953298604,0.09674921117411033,0.0,0.07653407184389803,0.0
tcga-95-7944,0.05662818499208004,0.0,0.0,0.09062437835302393,0.0,0.0,0.1705117318684153,0.0,0.11746891531691592,0.0,0.035860147943105644,0.0025507788453157073,0.0020401568184686683,0.08871658425955724,0.013735836496981353,0.05913701651241587,0.1341193536888107,0.055498054637458334,0.1525992457002477,0.0,0.0,0.020509614567203484
tcga-95-7947,0.0,0.004160876297414627,0.0,0.0,0.056898667291379615,0.0,0.024900204621671123,0.11003066652792526,0.0005439870912726698,0.0,0.1150542311453833,0.09008104371815076,0.06064913496623321,0.0,0.09540517286808321,0.13158207755940285,0.09286017768058742,0.09269733363243068,0.12513642660006533,0.0,0.0,0.0
tcga-95-7948,0.0,0.0,0.0,0.0,0.0,0.09264550666472694,0.03633458408253834,0.0740738491259912,0.0,0.0,0.0,0.1423572394430205,0.0,0.03780364389555321,0.054928141801039,0.07238172763432474,0.14166938947042584,0.022829951316827246,0.16216387294282383,0.0,0.14783321755874704,0.014978876063982087
tcga-95-8039,0.0,0.0,0.0,0.018535896649967736,0.02043739917985988,0.03852437690046884,0.03824576137406682,0.005563675819598212,0.0,0.0,0.0,0.08537923333482973,0.12141210943504469,0.05890435952064368,0.17062442662032062,0.13282056362377836,0.09742714023717737,0.025478412205453285,0.13083579511754428,0.0,0.046208909926816734,0.009601940054429735
tcga-95-8494,0.0,0.0,0.0,0.09572665577938433,0.0,0.0,0.06140123225703129,0.0,0.018524596800390633,0.0,0.0,0.07713864118736158,0.019935308498736114,0.21533759541216282,0.07907727147936039,0.04122017208225388,0.13127947640722834,0.05798173377915068,0.1666832313905191,0.03569408492642084,0.0,0.0
tcga-95-a4vk,0.0,0.0,0.0,0.0,0.029667219122139276,0.059767818317040956,0.0,0.09129278845405848,0.0,0.0,0.0,0.14572788659361047,0.11230356960796974,0.0,0.06600341130444545,0.13551888322857128,0.14674602562593522,0.09825608288284535,0.0883406113933159,0.0,0.026375703470067888,0.0
tcga-95-a4vn,0.0,0.0,0.0,0.053270014601597894,0.0,0.0,0.12184985996629513,0.0,0.0,0.0,0.0,0.07114267012925439,0.05010329903026276,0.07053611194716622,0.09147710826018791,0.09284824888273972,0.21097489501260927,0.05162549396151382,0.10378127958936903,0.02354858121323286,0.05884243740577099,0.0
tcga-95-a4vp,0.0,0.0,0.0,0.025924900542355977,0.05666295746976046,0.09167720929197641,0.009966990513093719,0.0,0.0,0.0,0.0,0.09229962892947381,0.034047331275342076,0.04726763747099681,0.03477211773784956,0.1615731608355378,0.10120210478876163,0.1648978921471781,0.11685724832786987,0.0,0.06285082066980371,0.0
tcga-97-7546,0.14050891790983383,0.03820968821596415,0.0,0.008983274178491141,0.06345529350451375,0.03999605785335078,0.10552034918678892,0.0,0.0,0.0,0.0,0.0,0.09200858002630663,0.005469816988110943,0.19230880986330484,0.18524624548010027,0.023468737349034662,0.0064714401860277914,0.08557264423100185,0.0,0.012780145027170453,0.0
tcga-97-7547,0.0,0.03163330401018358,0.0,0.0,0.02883739468002228,0.049349000505884776,0.0,0.0718517543309338,0.0680666536667032,0.0,0.0,0.00969397095485034,0.06451055678743511,0.022450596472966444,0.08198146671845037,0.24114667544218288,0.19678449949804944,0.1336941269323378,0.0,0.0,0.0,0.0
tcga-97-7552,0.0,0.06860572839683349,0.0,0.0,0.05283181347658783,0.08376168310541769,0.0,0.08075050037930435,0.01434617271203952,0.0,0.0832688808608526,0.031172127555948868,0.1565020702758492,0.0,0.056079313457360135,0.16303782705319667,0.09035293173038111,0.10768536787763232,0.0,0.0,0.011605583118596134,0.0
tcga-97-7553,0.07870696825922441,0.0,0.0,0.08281322513398001,0.0,0.0,0.039377055888908476,0.00841200370799107,0.111879880378861,0.0,0.007196520023365167,0.0,0.07417080970914132,0.07687059820763599,0.10151322444695826,0.09509548837590841,0.05043554722621058,0.06302765187529957,0.1169005749003012,0.04138547492182164,0.0,0.05221497694439273
tcga-97-7554,0.0,0.012410690182347412,0.007967960927636034,0.06982925277822548,0.005374543642370142,0.0,0.0,0.008626716044184845,0.12031556898950922,0.0,0.0,0.07737860916147223,0.01632542988843775,0.07314942615041982,0.057243895479020916,0.213893450462329,0.056206526716172996,0.157873939494066,0.1234039900838081,0.0,0.0,0.0
tcga-97-7937,0.0,0.05961004266683278,0.0,0.002524092580321768,0.0,0.0,0.0,0.09146050430916929,0.02946899210093153,0.0,0.0,0.16674815235855867,0.177057373591291,0.045748148939766996,0.007003487286520209,0.1827588802170416,0.05404966912669887,0.09267194899537665,0.052358852315735616,0.03853985551175505,0.0,0.0
tcga-97-7938,0.0,0.06332134092583623,0.0,0.0,0.0,0.11381457481852955,0.008917155204549422,0.092264282638294,0.0,0.0,0.0,0.03584209156036372,0.07933700891955994,0.022848395394962265,0.13802794556547376,0.20614344707187013,0.06558487668950792,0.05097626656729111,0.08544534013370941,0.0,0.03747727451005251,0.0
tcga-97-7941,0.0,0.0,0.0,0.00028878146124618805,0.013884698043832409,0.018169211937360957,0.0,0.0,0.032349247497754315,0.0,0.0,0.0749531921109868,0.08310806894123093,0.07334045711391261,0.050696798589389934,0.28471951803150153,0.03169230408540198,0.14002268724248637,0.10500180566222844,0.0,0.09177322928266743,0.0
tcga-97-8171,0.0,0.0,0.006659519061118421,0.025861208841609622,0.0,0.0,0.0,0.0,0.0,0.0,0.0,0.1929883627265521,0.0,0.21736936606409524,0.12745113920503012,0.2615432067679618,0.0,0.09674209359066967,0.07111384966125422,0.0,0.0002712540817088235,0.0
tcga-97-8172,0.06589480428686437,0.040943623383082786,0.0,0.05329213322822961,0.05159082748460266,0.0017383132852128512,0.06234939940314185,0.05510735798835647,0.0,0.0,0.0,0.02635070790316097,0.06751828240457032,0.032364431246305204,0.09684898232959084,0.2104154923499361,0.016005288735616886,0.06595646739122547,0.10791070060823713,0.0,0.04571318797186647,0.0
tcga-97-8174,0.03199732523156619,0.0,0.0,0.022693870840564064,0.09286504383398571,0.0,0.03463131367820307,0.08357641717585365,0.023673518860139877,0.0,0.01667106613339054,0.0,0.05888957204293041,0.014169835534798196,0.1477811563195225,0.19245038229475583,0.14994997021911055,0.0,0.13065052783517944,0.0,0.0,0.0
tcga-97-8175,0.0,0.039461772797314255,0.0,0.0,0.0,0.022877001396564175,0.04265617637054864,0.017406653795657208,0.0,0.0,0.0,0.04087500136319395,0.03918586861632427,0.16812436414823406,0.008690314353275892,0.20436122526304545,0.09773141501192453,0.1009422158361863,0.11887181236662167,0.07720040924983171,0.02161576943127799,0.0
tcga-97-8176,0.0,0.0,0.0,0.0,0.0,0.07823810957864503,0.0,0.03837638073307043,0.06210014133117055,0.0,0.0,0.0183652084549924,0.053527284809851354,0.1599764125597346,0.02929536151231426,0.14136524909095974,0.24677260460169978,0.018973887038987242,0.10295002566230708,0.037076607576599606,0.012982727049667934,0.0
tcga-97-8177,0.003278447108441062,0.0,0.0,0.0,0.06658521355730437,0.046090974822482055,0.0,0.0,0.02679776113144876,0.0,0.0,0.10327103865346898,0.044574709522656644,0.10695344062407477,0.11172783382740643,0.19035852301587022,0.06447699053337136,0.10224171010913766,0.08783868492725516,0.0,0.02909311945049979,0.016711552716582763
tcga-97-8179,0.0,0.0,0.0,0.06663816818849909,0.0,0.023895563471352098,0.0006144953871449606,0.005536234721241352,0.0,0.0,0.0,0.05170088857001456,0.0,0.03170707384417759,0.12487988830236389,0.18512879333708546,0.3335099090076608,0.0,0.14970142130101063,0.01739443754260739,0.0,0.009293126326842161
tcga-97-8547,0.0,0.0,0.0,0.09994754183095532,0.0,0.0,0.039663140260253874,0.013065090041150156,0.0015461913641368068,0.0,0.0,0.011237403502242203,0.13429139973925713,0.14161081170243475,0.03110774604551322,0.21543388094937338,0.12482496133932572,0.05838619018556731,0.12888564303979014,0.0,0.0,0.0
tcga-97-8552,0.09894522878056204,0.0,0.0,0.0570297693364564,0.0,0.057299262755310075,0.0,0.013268740948114071,0.0,0.0,0.0,0.0,0.14653233002372892,0.03250472056903271,0.14065326312835694,0.21830663330736247,0.02989689268454622,0.09417203179258998,0.09224767493578738,0.0,0.01588359969421068,0.003259852043942124
tcga-97-a4lx,0.0,0.0,0.0,0.14656021582361897,0.053694587319283595,0.0,0.06294633711763252,0.0020707283399111027,0.0,0.0,0.0,0.0,0.05739010629841233,0.11222710323195755,0.1395514951844141,0.11103427463412247,0.08378416756631797,0.10677379977811953,0.062148403858578526,0.0,0.03970980683631472,0.02210897401131656
tcga-97-a4m0,0.0,0.0,0.0,0.0838606085896897,0.006420958709695835,0.0,0.0073039385492433394,0.049847111456737515,0.0,0.0,0.0,0.11082740750484678,0.04460423364429272,0.0008119262077845826,0.09042367874331814,0.13605397780377773,0.22911075994601698,0.013763245489025003,0.048197798489220824,0.02724024906321769,0.0,0.15153410580313317
tcga-97-a4m1,0.02192117705763081,0.0,0.0,0.07807912549506055,0.0,0.10326773982152292,0.0,0.0,0.0,0.0,0.0,0.03718483096945663,0.16612418356033973,0.11896930079241387,0.0,0.23680412153084615,0.04688228147796464,0.0,0.153314855142675,0.027414812900389517,0.0,0.010037571251700073
tcga-97-a4m2,0.012784202249414315,0.0,0.0,0.07348930261995629,0.044701278022089834,0.0,0.0038701924570774477,0.043023424631024126,0.0842392251512759,0.0,0.0,0.01714552389766246,0.11907280286186107,0.09842635349797237,0.051240086380555334,0.13711852683164166,0.14795335223956338,0.05376869504392405,0.08546300121856039,0.0,0.018424159395483444,0.009279873501937923
tcga-97-a4m3,0.0,0.01283033447420904,0.0,0.0,0.0043781298550027775,0.0861307014611355,0.0,0.0,0.0,0.0,0.0,0.1906588391459516,0.015896623563353196,0.025926750450329585,0.034155206727606496,0.09765939027488464,0.2554101050644819,0.05013171367813272,0.0957556938034079,0.09132740380864346,0.0,0.03973910769286117
tcga-97-a4m5,0.0015600477986416799,0.0,0.0,0.03540537268499968,0.0018980141819787408,0.0029169737804831796,0.0,0.0,0.05624352629857076,0.0,0.007509420458045151,0.061190877069090835,0.15145739365024335,0.0481540771247242,0.024106294705252048,0.28934128862829794,0.10071874556942899,0.12906268723576497,0.09043528081447845,0.0,0.0,0.0
tcga-97-a4m6,0.0,0.0,0.0,0.051857851957648256,0.04479875874204672,0.057052237041282296,0.0,0.09023169107508218,0.0,0.0,0.0,0.06498979844522138,0.05590407873009566,0.0,0.056687960564850155,0.10875264401302243,0.13834910761652902,0.13275518137306022,0.09310157028407486,0.042030171705718246,0.04768946626829269,0.01579948218307594
tcga-97-a4m7,0.0,0.009664680746422395,0.0,0.0,0.022831157523696004,0.07429408450937262,0.0,0.103908615940519,0.0,0.0,0.0,0.08740458268531769,0.009604315891963505,0.06311262196737036,0.06170504305635734,0.28422123078939104,0.08564644304424526,0.12462120519142765,0.0329560172469352,0.0,0.014841799376210342,0.025188202030771586
tcga-99-7458,0.01375780493449301,0.0,0.0,0.06870916742609748,0.08072498293441166,0.044821989935617264,0.05187426528241106,0.03853908080213387,0.0,0.0,0.0,0.05681052950592953,0.07223034757483132,0.014782226258437883,0.09642117133774468,0.1414895961333401,0.15729527758438683,0.04349202349138754,0.11905153679877767,0.0,0.0,0.0
tcga-99-8025,0.0,0.0,0.0,0.0,0.04089706651768539,0.15751689857343415,0.04930614475734596,0.0,0.0,0.0,0.0,0.0,0.09896467370898109,0.0,0.0,0.1073845235927484,0.27123746494309536,0.10726522487320976,0.11837483492762163,0.0,0.04905316810587827,0.0
tcga-99-8028,0.04931258424000758,0.0,0.0,0.06754196551357224,0.012083268798272947,0.0,0.15244648430640195,0.006570501799559877,0.03052725230475058,0.0,0.0,0.06797111972086536,0.028564391083629848,0.06412838601464167,0.08379956423958664,0.06428336043539427,0.0956460677628017,0.09903831333873979,0.07318533621934889,0.0,0.06423355803462948,0.04066784618779719
tcga-99-8032,0.019100300568269207,0.0,0.0409865367365898,0.0,0.03253073608217193,0.005958674421289936,0.02870526641101514,0.012145558588318955,0.014417651710219012,0.0,0.0,0.12831200665487008,0.051291095737786355,0.03378886948029752,0.09013330407163377,0.2663706217826242,0.0888533185505516,0.09806663645742225,0.08933942274694032,0.0,0.0,0.0
tcga-99-8033,0.0,0.0,0.0,0.0,0.0,0.01469968227140776,0.03293500170308103,0.14242527629434018,0.02391301105893636,0.0,0.0,0.1425597082873603,0.009255297594108513,0.043636744735144034,0.13634735245331406,0.13956420852862245,0.16065341874480102,0.0,0.08459159682317083,0.0,0.06941870150571355,0.0
tcga-99-aa5r,0.0834079971012928,0.0,0.0,0.038182726926350385,0.06257657798065608,0.09959816571084211,0.0,0.029872717249084326,0.002193777002193532,0.0,0.0,0.04214010174182079,0.11697847877413646,0.0,0.11566880294159546,0.14525150595631872,0.05074068992328931,0.01714250285779278,0.10197801109912048,0.0,0.06856457392965365,0.025703370805853096
tcga-j2-8192,0.0,0.0,0.0,0.040284003029443224,0.0,0.023158760344004093,0.0,0.11405283113479615,0.07369333914154141,0.0,0.0,0.042362916784636634,0.05416932560938996,0.06446227954205969,0.02115985493775578,0.20151777257283449,0.09087256450874087,0.10228283768334713,0.12092966118013258,0.0,0.051053853531317965,0.0
tcga-j2-8194,0.0,0.016142154635736237,0.0,0.0,0.0,0.0,0.0,0.024523613414787163,0.0,0.0,0.0,0.07689381624238037,0.03212315909028686,0.14369838834018814,0.09102747133630629,0.21048078961576822,0.17531132002826402,0.039095503275459006,0.1429062393153742,0.0,0.0477975447054495,0.0
tcga-j2-a4ad,0.0,0.0,0.0,0.01490709654465921,0.0,0.02527914186320301,0.0,0.06147041272305713,0.006298879245747222,0.0,0.0,0.15439332811044387,0.019829675992490893,0.043807621502351804,0.0,0.23657270046210604,0.18805824112277636,0.19236049747626885,0.033733562927318134,0.0,0.023288842029577466,0.0
tcga-j2-a4ae,0.05311061777864132,0.06583774895787688,0.0,0.0,0.01011305717110862,0.0925700200927234,0.028253665193935497,0.05839003311306551,0.007456581564409062,0.0,0.0,0.05665408254652581,0.08935701613659813,0.0,0.08158824747179172,0.262158428797258,0.09115133945131575,0.001416382504271481,0.0838224737977489,0.0,0.018120305422729945,0.0
tcga-j2-a4ag,0.0,0.039840023169940425,0.0,0.0,0.015916559801096648,0.10768377236641274,0.05106124566361598,0.05430702170385503,0.0,0.0,0.0,0.06714082945309224,0.06196514263566261,0.0,0.07829420178125023,0.17464848844126185,0.17726391917325232,0.029343891686443784,0.07205198550009462,0.0,0.07048291862402135,0.0
tcga-l4-a4e5,0.0,0.0,0.0,0.0,0.0,0.013034677478009973,0.07506392086762333,0.04121882450456043,0.04584133256407022,0.0,0.0,0.17722482825535846,0.01831847639823314,0.0,0.09214300852761585,0.2585967114644438,0.17989588803808695,0.05333207437226602,0.009938180626727033,0.0,0.0353920769030048,0.0
tcga-l4-a4e6,0.0,0.0,0.0,0.03847473356608008,0.03011070778599968,0.0,0.11229652591604869,0.0,0.07025387649287747,0.0,0.0,0.0011537253409083172,0.04538395399265209,0.11869230506627364,0.08473855049099124,0.1756358012361595,0.13334603037484785,0.05653513050096989,0.11377173390455476,0.0031281400611374494,0.0,0.016478785270499424
tcga-l9-a443,0.0,0.0,0.004149912434391495,0.0,0.0007865120358106244,0.0,0.0497046715351296,0.0,0.0,0.0,0.0,0.07543673042843985,0.028489949543209932,0.0,0.24827667572368417,0.08081013830737678,0.14386519591609778,0.1149836567339575,0.10518694441455155,0.0,0.14830961292735073,0.0
tcga-l9-a444,0.01571876262699612,0.0,0.0,0.06676844174862116,0.009781928112632475,0.0,0.12553927850447785,0.004767582241585389,0.0,0.0,0.0,0.08345572861869247,0.05976809662823097,0.0,0.1616931442866731,0.140134305719997,0.16025344750718126,0.059648166228386784,0.06218410715918978,0.0,0.05028701061733582,0.0
tcga-l9-a50w,0.0,0.0,0.033616841511666655,0.0,0.0,0.1039412412055776,0.0,0.09509540520593603,0.0,0.0,0.0,0.09831349118118338,0.1348678467320685,0.0013296996125132696,0.020143561255837373,0.2719566435735229,0.14252069617205027,0.08046787354053267,0.01774670000911138,0.0,0.0,0.0
tcga-l9-a5ip,0.0,0.0,0.0,0.0,0.0,0.07398691348254996,0.01256300176379729,0.1178207714760808,0.03629650235797531,0.0,0.0,0.05781237607651388,0.0931474064967198,0.06550596463258852,0.06754857295907059,0.1413615744018863,0.1563280384073608,0.005209363383368182,0.17241951456208857,0.0,0.0,0.0
tcga-l9-a743,0.0,0.0,0.0,0.049843115429012076,0.025517219472280105,0.03924838702033267,0.02167730307887387,0.0024077583735500614,0.016238021888006625,0.0,0.0,0.12356818963644971,0.10748372096357521,0.0002535872225133137,0.0630191127382316,0.1451520864055233,0.12602855978806238,0.14619651151699445,0.046885989227785425,0.0,0.08648043723880915,0.0
tcga-l9-a7sv,0.0,0.0,0.0,0.026575979323530504,0.0,0.10583407765260762,0.2853300638297464,0.0,0.0,0.0,0.0,0.08005624141763566,0.04232626139670743,0.0,0.05646831690369775,0.12574289459912252,0.17893889341350425,0.0,0.07554557763297429,0.0,0.010708752958137472,0.012472940872336103
tcga-l9-a8f4,0.0,0.0,0.0,0.030356858016716035,0.028215429695354174,0.0,0.12962369636058518,0.10658983186337187,0.0,0.0,0.0,0.10015691095671592,0.0,0.07461113932498552,0.10544375791694768,0.13790279822107732,0.16094310142038312,0.010537066175978466,0.07681721470442866,0.0,0.03880219534345597,0.0
tcga-mn-a4n1,0.0,0.0,0.0,0.06743010043749582,0.0,0.0,0.06814370003659274,0.0,0.028609706640478773,0.0,0.0,0.018476440959240704,0.0,0.2038182745444866,0.07574103157178613,0.10819987617792026,0.16770900168190184,0.03539492920611994,0.15844305036493198,0.050658118835744705,0.017375769543300525,0.0
tcga-mn-a4n4,0.0,0.0,0.0,0.08601334960716098,0.0,0.029314866489875715,0.0,0.08776003140044147,0.008573633964414164,0.0,0.0,0.04395943834468282,0.052093777123452,0.07729634185261135,0.0,0.14117685376675293,0.12062673504364177,0.13779508331965998,0.15012143214125773,0.0,0.06526845694604909,0.0
tcga-mn-a4n5,0.0,0.0,0.0,0.10704285229125081,0.01644564634288492,0.05239794504132112,0.13764717109968552,0.014504963007446078,0.0,0.0,0.0,0.0,0.03194882582292567,0.017333527473677897,0.1598902130746383,0.15879815252622648,0.18371068918706912,0.03669692702097388,0.035132125201768415,0.04735414992752433,0.0010968119826074475,0.0
tcga-mp-a4sv,0.0,0.0,0.0,0.10497981346917783,0.0,0.0,0.10424060053018627,0.0,0.0,0.0,0.0,0.12122369700003736,0.04617838161960263,0.026298240785129174,0.10019342360553143,0.14315421128560143,0.1278426682225632,0.12806596379270405,0.08558156704738355,0.0,0.01224143264208303,0.0
tcga-mp-a4sw,0.0,0.0,0.0,0.02948606665343978,0.0,0.05405343953945147,0.002422035122131304,0.12471315145482925,0.08514101186895824,0.0,0.0,0.010360138356883595,0.07915184861970802,0.12353160591848937,0.040469272967351075,0.21617723057747934,0.05118144824675707,0.06463576880290173,0.06201794315791261,0.0,0.05665903871370711,0.0
tcga-mp-a4sy,0.0,0.0,0.0,0.028544283000077362,0.0,0.0,0.0,0.030260139968996545,0.07526798674342162,0.0,0.026175754080432313,0.0,0.07640311421602529,0.06659452338076959,0.0526043683762331,0.14688878534043276,0.24053818640755378,0.1353159312708112,0.0537316350047347,0.06767529221051173,0.0,0.0
tcga-mp-a4t4,0.0,0.0,0.0,0.10067363876519032,0.031698456721610674,0.0,0.08516362866549276,0.0,0.056771866905092006,0.0,0.0,0.05047591652687431,0.028675728806968354,0.07178315841462975,0.07419112510352475,0.14816218888141955,0.14949445126212257,0.10297901281080105,0.06170547733250701,0.0,0.038225349803766795,0.0
tcga-mp-a4t6,0.0,0.0,0.0,0.1262685828359572,0.0,0.0,0.03813228716855786,0.026058095785739917,0.0,0.0,0.0,0.07036516960387994,0.1724208617200754,0.0,0.08565724158173288,0.2485593998338053,0.0,0.15249122804336945,0.08004713342688198,0.0,0.0,0.0
tcga-mp-a4t7,0.0,0.0,0.0,0.0,0.0,0.0,0.08188819655976998,0.05493618335795174,0.002464956644676288,0.0,0.0,0.0651181453523455,0.07324539005965447,0.11695839067258129,0.13082895185596416,0.054897173482589684,0.11567907636562655,0.01823371185779544,0.18296667026391458,0.03795753170845419,0.064825621818676,0.0
tcga-mp-a4t8,0.0,0.0,0.0,0.0,0.0,0.05202277639788211,0.18002664396149534,0.0,0.0,0.0,0.0,0.16323325726405552,0.0,0.008206538951173582,0.09181363138327861,0.09400399194503177,0.1731462848134778,0.03193347025526407,0.15008216671275895,0.0,0.055531238315582265,0.0
tcga-mp-a4t9,0.0,0.0,0.0,0.08929536514229723,0.03509983894040545,0.027907277180685575,0.016357971668842005,0.0,0.0,0.0,0.0,0.06714234832395745,0.05116560427415039,0.15958472695931708,0.0,0.13156762355247423,0.1133093076224553,0.14815179315799937,0.1080792775054878,0.004856678440115276,0.04748218723181292,0.0
tcga-mp-a4ta,0.0,0.0,0.0,0.0,0.0,0.04754072253402579,0.03732907910777893,0.07771882516508592,0.06309326637515743,0.0,0.0,0.06057001739202922,0.06608624683450069,0.09594393478270132,0.06446551368123,0.04831436671420229,0.15868555137499835,0.06991891993959413,0.1250158089734299,0.027512830006825792,0.05780491711844024,0.0
tcga-mp-a4tc,0.0,0.0,0.0,0.04258212321711316,0.0,0.0,0.019508136401948237,0.006877862622061848,0.014867381109767826,0.0,0.0,0.2222290174335079,0.027286077355732675,0.02023960459056416,0.017433340401195065,0.19586472339835745,0.14001706641437,0.10659809790961149,0.1275162592874386,0.0,0.05898030985833141,0.0
tcga-mp-a4td,0.0,0.0,0.0,0.04489793814356421,0.05946527433764397,0.055488004527094875,0.0,0.054499949156083034,0.0,0.0,0.0,0.0894887388160818,0.0030535720375129433,0.08852308499149926,0.10661630389866564,0.17288112833273236,0.10135585267707363,0.050355499408972895,0.12063367628574795,0.0,0.052740977387327456,0.0
tcga-mp-a4te,0.0,0.0,0.0,0.018681977385814733,0.0,0.002859240647866994,0.0,0.12576608276370624,0.0,0.0,0.0,0.1346862703077828,0.0,0.0633860019761585,0.16888843202393086,0.204282808826048,0.08300712535731729,0.11334042981079413,0.016909889926176945,0.010427239484919434,0.0,0.057764501489484074
tcga-mp-a4tf,0.03340995575108438,0.0,0.0,0.05240696455588093,0.0,0.0034329798188261727,0.16736209264681196,0.017508421620223393,0.0,0.0,0.052487947978806924,0.04548718413704954,0.0,0.0,0.0,0.21904885877285038,0.16013473891982494,0.01989539570147939,0.16799032098872976,0.0,0.060835139108432246,0.0
tcga-mp-a4th,0.0816728030265945,0.0,0.0,0.005263213416992889,0.12865078722899798,0.04613358776092085,0.0634331284392521,0.07558370783351587,0.014263252983276742,0.0,0.0,0.015043532248930767,0.04257033702536254,0.05100846529990519,0.12520139844853687,0.12510803456672745,0.08842478717891379,0.0327102676232623,0.059026096250588946,0.0,0.04590660066822127,0.0
tcga-mp-a4ti,0.04762755490648561,0.0,0.0,0.12764714702636165,0.0,0.0,0.0919064903808475,0.0,0.05278219234591335,0.0,0.0,0.02875811152234271,0.044260659246069776,0.0414429128663697,0.11881730223497151,0.11625516207088962,0.1493090748921151,0.058758167743825244,0.08660089065194368,0.0,0.020352280252166108,0.015482053859698478
tcga-mp-a4tj,0.004027936724443082,0.0,0.0,0.006429647200568883,0.030136680872293754,0.024287912549058495,0.1203615436784698,0.06358401457263826,0.020560950675814923,0.0,0.0,0.027358940071494302,0.05882915439066883,0.0,0.1367886006991673,0.12218515022856828,0.192447729301129,0.11256700055801744,0.012570638888021698,0.0,0.026024545608946247,0.041839553980699634
tcga-mp-a4tk,0.019491258869323163,0.0,0.0,0.09439640787105431,0.0,0.04345463894212372,0.005533458768328846,0.013227228581316135,0.0,0.0,0.0,0.05101357939240091,0.031294491180745086,0.0470561168169988,0.06692987287171258,0.17019247928847112,0.10631199738057018,0.1143228027481126,0.16414419452862303,0.0,0.07263147276021953,0.0
tcga-mp-a5c7,0.0,0.0,0.0,0.0,0.01878738204797126,0.015758281612159076,0.08729085358786873,0.015632114379513225,0.0,0.0,0.0,0.1179269813191345,0.017613247769201965,0.0024435579277159577,0.23247188268631105,0.20390949021475716,0.08659590992590903,0.062115847064185485,0.13945445146527258,0.0,0.0,0.0
tcga-nj-a4yf,0.0,0.0,0.0010743335792910837,0.0,0.0,0.026881985413401893,0.09792325419000568,0.0,0.0,0.0,0.0,0.2288180860731562,0.008335742720267238,0.12353805186668765,0.016670746038759458,0.11053541809114849,0.1310247574689392,0.03339161862072162,0.0918099885251029,0.0,0.12999601741251848,0.0
tcga-nj-a4yg,0.0,0.0,0.0,0.011818467360538544,0.0,0.0473858211605591,0.0,0.07273608531080133,0.0,0.0,0.0,0.046817095227019545,0.07007144559562914,0.11926684846849306,0.043643895611499235,0.2170583188675659,0.11987387352768288,0.05109050777092465,0.10272831019704498,0.019880072124091437,0.07762925877815019,0.0
tcga-nj-a4yi,0.0,0.0,0.0,0.04631349529177689,0.0,0.0,0.0,0.0,0.03165513564997791,0.0,0.0,0.1439255237772995,0.02815075964761987,0.04040252406076871,0.14634208959835796,0.050244956398783305,0.10664859642265287,0.07805536280908762,0.0988203008700025,0.01628774025480936,0.13487034243719737,0.0782831727816661
tcga-nj-a4yp,0.0,0.0,0.0,0.05433493921992519,0.0,0.0,0.016239658678124057,0.09928197908472293,0.02716258018280663,0.0,0.0,0.08724317011789594,0.02073324320877169,0.09796603975315588,0.03567079803475695,0.13769012038801637,0.16307995911471557,0.05530194710907318,0.12020826804408849,0.04263578726523785,0.0424515097987093,0.0
tcga-nj-a4yq,0.0,0.0,0.0,0.0007684326004441145,0.04317320881047288,0.0,0.05644118921397334,0.11844739185959223,0.07293274537476206,0.0,0.04910814562130399,0.043074405214501184,0.05633326512941928,0.0587228074493211,0.030504700454286448,0.1442238158477804,0.14510331751468628,0.11596635743069254,0.03886843522549692,0.0,0.02633178225326724,0.0
tcga-nj-a55a,0.11536944625169561,0.0280298128399118,0.0,0.0,0.06219486774866935,0.06316145686513105,0.05924802715522314,0.0512755175237354,0.0,0.0,0.0,0.0,0.028397354663156876,0.0,0.13935582791472254,0.18757751980435236,0.0,0.07188851272405536,0.1340248748005274,0.0,0.059476781708819086,0.0
tcga-nj-a55o,0.0,0.0,0.0,0.028534264042121924,0.0,0.03768209273934256,0.0,0.08001842903333674,0.048654085218114894,0.0,0.0,0.06480208882830939,0.051463557457109295,0.07331710310785663,0.036517161327383696,0.25353449171622167,0.13880780422630096,0.08369374911477809,0.04356105232015047,0.04241269282545224,0.017001428043521408,0.0
tcga-nj-a55r,0.0,0.0,0.011963906857075771,0.0,0.02554671492015824,0.04794276163602818,0.0,0.22155754611577208,0.0,0.0,0.0,0.09029308672734564,0.0,0.030234171115705838,0.013417201861027378,0.24062934782179232,0.14132483738720888,0.14635279057213096,0.03073763498575468,0.0,0.0,0.0
tcga-nj-a7xg,0.0,0.0,0.0,0.0,0.02813093647374426,0.15428370842504022,0.09394139420307293,0.011333136865861695,0.0,0.0,0.0,0.10278430943784654,0.012967167681054333,0.0,0.07381723906409852,0.13171897056312876,0.17855017196323592,0.0176926427279719,0.03412590861375233,0.0,0.1606544139811926,0.0
tcga-o1-a52j,0.0,0.0,0.0,0.10308448302260828,0.0,0.09793943548891919,0.004152804292435443,0.0,0.0,0.0,0.0,0.0,0.12093628106188103,0.2473282143289471,0.10386205545702895,0.22153304431114132,0.10069088607575041,0.0,0.0,0.0,0.0,0.0004727959612882753
tcga-s2-aa1a,0.0,0.05092898142014915,0.036298620129753704,0.0,0.048636469733149244,0.06648606494408191,0.021379776377711095,0.018216564985297345,0.0,0.0,0.0,0.15159398095235863,0.07206589061028741,0.0,0.07312077137552331,0.25044560155011486,0.07165166585805396,0.12269558197980009,0.016480030083719118,0.0,0.0,0.0
